taxon_name,collection_no,strat_unit,country,stage,MAT_degC,MAP_cm,s_temp,s_precip
Scutellosaurus_lawleri,13279,Kayenta Formation (Silty Facies Member),USA,Pliensbachian,29.11801,1.86051,17.521,12.812273992
Scutellosaurus_lawleri,13279,Kayenta Formation (Silty Facies Member),USA,Pliensbachian,29.11801,1.86051,17.521,12.812273992
Scutellosaurus_lawleri,13280,Kayenta Formation (Silty Facies Member),USA,Pliensbachian,29.11801,1.86051,17.521,12.812273992
Scutellosaurus_lawleri,13280,Kayenta Formation (Silty Facies Member),USA,Pliensbachian,29.11801,1.86051,17.521,12.812273992
Massospondylus_carinatus,13326,"Elliot Formation (Upper), Forest Sandstone Formation, Clarens Formation",South Africa and Zimbabwe,Pliensbachian,14.62067,1.972346,40.15128,4.441834
Dilophosaurus_wetherilli,13409,Kayenta Formation (Silty Facies Member and Glen Canyon Group),USA,Pliensbachian,29.25336,1.964552,17.013090000000002,13.5895725
Dilophosaurus_wetherilli,13409,Kayenta Formation (Silty Facies Member and Glen Canyon Group),USA,Pliensbachian,29.25336,1.964552,17.013090000000002,13.5895725
Dilophosaurus_wetherilli,13410,Kayenta Formation (Silty Facies Member and Glen Canyon Group),USA,Pliensbachian,29.25336,1.964552,17.013090000000002,13.5895725
Dilophosaurus_wetherilli,13410,Kayenta Formation (Silty Facies Member and Glen Canyon Group),USA,Pliensbachian,29.25336,1.964552,17.013090000000002,13.5895725
Coelophysis_rhodesiensis,22663,"Forest Sandstone Formation, Nyamandhlovu Sandstones Formation, Elliot Formation (Upper)",Zimbabwe & South Africa,Sinemurian,29.77701,0.7877136,35.43551,5.7472385
Coelophysis_rhodesiensis,22663,"Forest Sandstone Formation, Nyamandhlovu Sandstones Formation, Elliot Formation (Upper)",Zimbabwe & South Africa,Sinemurian,29.77701,0.7877136,35.43551,5.7472385
Segisaurus_halli,25306,Navajo Sandstone Formation,USA,Toarcian,29.7742,1.451584,21.11221,10.4922302
Segisaurus_halli,25306,Navajo Sandstone Formation,USA,Toarcian,29.7742,1.451584,21.11221,10.4922302
Lesothosaurus_diagnosticus,28570,Elliot Formation (Upper),Lesotho,Sinemurian,17.9859,0.7684606,42.8675855,1.4539000000000002
Lesothosaurus_diagnosticus,28570,Elliot Formation (Upper),Lesotho,Sinemurian,17.9859,0.7684606,42.8675855,1.4539000000000002
Lesothosaurus_diagnosticus,28613,Elliot Formation (Upper),Lesotho,Sinemurian,18.38501,0.9815051,40.073853,4.2616121
Lesothosaurus_diagnosticus,28613,Elliot Formation (Upper),Lesotho,Sinemurian,18.38501,0.9815051,40.073853,4.2616121
Vulcanodon_karibaensis,34768,Forest Sandstone Formation,Zimbabwe,Sinemurian,29.42944,0.7556027,38.411803,5.6220037000000005
Vulcanodon_karibaensis,34768,Forest Sandstone Formation,Zimbabwe,Sinemurian,29.42944,0.7556027,38.411803,5.6220037000000005
Massospondylus_carinatus,34777,"Elliot Formation (Upper), Forest Sandstone Formation, Clarens Formation",South Africa and Zimbabwe,Pliensbachian,28.30185,1.500787,31.91876,11.70690832
Coelophysis_kayentakatae,35248,Kayenta Formation (Silty Facies Member),USA,Pliensbachian,29.11801,1.86051,17.521,12.812273992
Coelophysis_kayentakatae,35248,Kayenta Formation (Silty Facies Member),USA,Pliensbachian,29.11801,1.86051,17.521,12.812273992
Coelophysis_kayentakatae,35249,Kayenta Formation (Silty Facies Member),USA,Pliensbachian,29.11801,1.86051,17.521,12.812273992
Coelophysis_kayentakatae,35249,Kayenta Formation (Silty Facies Member),USA,Pliensbachian,29.11801,1.86051,17.521,12.812273992
Coelophysis_kayentakatae,35250,Kayenta Formation (Silty Facies Member),USA,Pliensbachian,29.11801,1.86051,17.521,12.812273992
Coelophysis_kayentakatae,35250,Kayenta Formation (Silty Facies Member),USA,Pliensbachian,29.11801,1.86051,17.521,12.812273992
Barapasaurus_tagorei,35268,Kota Formation (Lower),India,Pliensbachian,28.91748,3.280145,18.19257,13.060672
Barapasaurus_tagorei,35268,Kota Formation (Lower),India,Pliensbachian,28.91748,3.280145,18.19257,13.060672
Blikanasaurus_cromptoni,35295,Elliot Formation (Lower),South Africa,Rhaetian,17.4025,0.7935188,44.449152999999995,3.1092313000000003
Blikanasaurus_cromptoni,35295,Elliot Formation (Lower),South Africa,Rhaetian,17.4025,0.7935188,44.449152999999995,3.1092313000000003
Melanorosaurus_readi,36609,Elliot Formation (Lower),South Africa,Rhaetian,17.4025,0.7935188,44.449152999999995,3.1092313000000003
Melanorosaurus_readi,36609,Elliot Formation (Lower),South Africa,Rhaetian,17.4025,0.7935188,44.449152999999995,3.1092313000000003
Massospondylus_carinatus,36702,"Elliot Formation (Upper), Forest Sandstone Formation, Clarens Formation",South Africa and Zimbabwe,Pliensbachian,15.2345,0.9497582,41.122038,1.7984080000000002
Melanorosaurus_readi,36704,Elliot Formation (Lower),South Africa,Rhaetian,17.4025,0.7935188,44.449152999999995,3.1092313000000003
Melanorosaurus_readi,36705,Elliot Formation (Lower),South Africa,Rhaetian,17.4025,0.7935188,44.449152999999995,3.1092313000000003
Melanorosaurus_readi,36705,Elliot Formation (Lower),South Africa,Rhaetian,17.4025,0.7935188,44.449152999999995,3.1092313000000003
Eucnemesaurus_fortis,36733,Elliot Formation (Lower),South Africa,Rhaetian,17.69888,0.8091586,45.006498,1.760425
Eucnemesaurus_fortis,36733,Elliot Formation (Lower),South Africa,Rhaetian,17.69888,0.8091586,45.006498,1.760425
Plateosauravus_cullingworthi,36735,Elliot Formation (Lower),South Africa,Rhaetian,17.4025,0.7935188,44.449152999999995,3.1092313000000003
Plateosauravus_cullingworthi,36738,Elliot Formation (Lower),South Africa,Rhaetian,17.4025,0.7935188,44.449152999999995,3.1092313000000003
Plateosauravus_cullingworthi,36738,Elliot Formation (Lower),South Africa,Rhaetian,17.4025,0.7935188,44.449152999999995,3.1092313000000003
Massospondylus_carinatus,36741,"Elliot Formation (Upper), Forest Sandstone Formation, Clarens Formation",South Africa and Zimbabwe,Pliensbachian,14.62067,1.972346,40.15128,4.441834
Massospondylus_carinatus,36850,"Elliot Formation (Upper), Forest Sandstone Formation, Clarens Formation",South Africa and Zimbabwe,Pliensbachian,24.9126,0.2832672,46.175017,0.7291228000000001
Antetonitrus_ingenipes,39659,Elliot Formation (Upper),South Africa,Sinemurian,17.9859,0.7684606,42.8675855,1.4539000000000002
Antetonitrus_ingenipes,39659,Elliot Formation (Upper),South Africa,Sinemurian,17.9859,0.7684606,42.8675855,1.4539000000000002
Dracovenator_regenti,45530,Elliot Formation (Upper),South Africa,Sinemurian,21.98544,0.3881603,45.100742,0.3816977
Dracovenator_regenti,45530,Elliot Formation (Upper),South Africa,Sinemurian,21.98544,0.3881603,45.100742,0.3816977
Coelophysis_rhodesiensis,45531,"Forest Sandstone Formation, Nyamandhlovu Sandstones Formation, Elliot Formation (Upper)",Zimbabwe & South Africa,Sinemurian,21.98544,0.3881603,45.100742,0.3816977
Coelophysis_rhodesiensis,45531,"Forest Sandstone Formation, Nyamandhlovu Sandstones Formation, Elliot Formation (Upper)",Zimbabwe & South Africa,Sinemurian,21.98544,0.3881603,45.100742,0.3816977
Massospondylus_kaalae,47032,Elliot Formation (Upper),South Africa,Sinemurian,17.9859,0.7684606,42.8675855,1.4539000000000002
Massospondylus_kaalae,47032,Elliot Formation (Upper),South Africa,Sinemurian,17.9859,0.7684606,42.8675855,1.4539000000000002
Cryolophosaurus_ellioti,47135,Hanson Formation,Antarctica,Pliensbachian,5.577454,0.8829256,47.12485,1.3525120000000004
Cryolophosaurus_ellioti,47135,Hanson Formation,Antarctica,Pliensbachian,5.577454,0.8829256,47.12485,1.3525120000000004
Glacialisaurus_hammeri,47135,Hanson Formation,Antarctica,Pliensbachian,5.577454,0.8829256,47.12485,1.3525120000000004
Glacialisaurus_hammeri,47135,Hanson Formation,Antarctica,Pliensbachian,5.577454,0.8829256,47.12485,1.3525120000000004
Anchisaurus_polyzelus,47197,Portland Formation (Agawam Group),USA,Sinemurian,31.45929,2.496537,19.541659999999997,13.72598962
Anchisaurus_polyzelus,47197,Portland Formation (Agawam Group),USA,Sinemurian,31.45929,2.496537,19.541659999999997,13.72598962
Anchisaurus_polyzelus,47197,Portland Formation (Agawam Group),USA,Sinemurian,31.45929,2.496537,19.541659999999997,13.72598962
Anchisaurus_polyzelus,47197,Portland Formation (Agawam Group),USA,Sinemurian,31.45929,2.496537,19.541659999999997,13.72598962
Anchisaurus_polyzelus,47197,Portland Formation (Agawam Group),USA,Sinemurian,31.45929,2.496537,19.541659999999997,13.72598962
Anchisaurus_polyzelus,47197,Portland Formation (Agawam Group),USA,Sinemurian,31.45929,2.496537,19.541659999999997,13.72598962
Anchisaurus_polyzelus,47199,Portland Formation (Agawam Group),USA,Sinemurian,31.45929,2.496537,19.541659999999997,13.72598962
Anchisaurus_polyzelus,47199,Portland Formation (Agawam Group),USA,Sinemurian,31.45929,2.496537,19.541659999999997,13.72598962
Eucnemesaurus_fortis,36610,Elliot Formation (Lower),South Africa,Rhaetian,17.4025,0.7935188,44.449152999999995,3.1092313000000003
Eucnemesaurus_fortis,36610,Elliot Formation (Lower),South Africa,Rhaetian,17.4025,0.7935188,44.449152999999995,3.1092313000000003
Coelophysis_bauri,48422,Chinle Formation (Siltstone and Petrified Forest Members),USA,Rhaetian,33.436279999999996,0.9447011,8.498930000000001,6.0178133
Coelophysis_bauri,48422,Chinle Formation (Siltstone and Petrified Forest Members),USA,Rhaetian,33.436279999999996,0.9447011,8.498930000000001,6.0178133
Massospondylus_carinatus,48824,"Elliot Formation (Upper), Forest Sandstone Formation, Clarens Formation",South Africa and Zimbabwe,Pliensbachian,15.2345,0.9497582,41.122038,1.7984080000000002
Massospondylus_carinatus,48825,"Elliot Formation (Upper), Forest Sandstone Formation, Clarens Formation",South Africa and Zimbabwe,Pliensbachian,15.2345,0.9497582,41.122038,1.7984080000000002
Ngwevu_intloko,48826,Elliot Formation (Upper),South Africa,Sinemurian,19.84052,0.7205148,43.812102,0.900899
Ngwevu_intloko,48826,Elliot Formation (Upper),South Africa,Sinemurian,19.84052,0.7205148,43.812102,0.900899
Massospondylus_carinatus,48827,"Elliot Formation (Upper), Forest Sandstone Formation, Clarens Formation",South Africa and Zimbabwe,Pliensbachian,15.2345,0.9497582,41.122038,1.7984080000000002
Lycorhinus_angustidens,48828,Elliot Formation (Upper),South Africa,Sinemurian,19.84052,0.7205148,43.812102,0.900899
Lycorhinus_angustidens,48828,Elliot Formation (Upper),South Africa,Sinemurian,19.84052,0.7205148,43.812102,0.900899
Isanosaurus_attavipachi,48871,Nam Phong Formation (Upper),Thailand,Toarcian,25.64038,2.929558,31.040166000000003,5.9493220000000004
Isanosaurus_attavipachi,48871,Nam Phong Formation (Upper),Thailand,Toarcian,25.64038,2.929558,31.040166000000003,5.9493220000000004
Coelophysis_rhodesiensis,50823,"Forest Sandstone Formation, Nyamandhlovu Sandstones Formation, Elliot Formation (Upper)",Zimbabwe & South Africa,Sinemurian,29.77701,0.7877136,35.43551,5.7472385
Coelophysis_rhodesiensis,50823,"Forest Sandstone Formation, Nyamandhlovu Sandstones Formation, Elliot Formation (Upper)",Zimbabwe & South Africa,Sinemurian,29.77701,0.7877136,35.43551,5.7472385
Coelophysis_rhodesiensis,50824,"Forest Sandstone Formation, Nyamandhlovu Sandstones Formation, Elliot Formation (Upper)",Zimbabwe & South Africa,Sinemurian,29.77701,0.7877136,35.43551,5.7472385
Coelophysis_rhodesiensis,50824,"Forest Sandstone Formation, Nyamandhlovu Sandstones Formation, Elliot Formation (Upper)",Zimbabwe & South Africa,Sinemurian,29.77701,0.7877136,35.43551,5.7472385
Scutellosaurus_lawleri,51894,Kayenta Formation (Silty Facies Member),USA,Pliensbachian,29.11801,1.86051,17.521,12.812273992
Scutellosaurus_lawleri,51894,Kayenta Formation (Silty Facies Member),USA,Pliensbachian,29.11801,1.86051,17.521,12.812273992
Mussaurus_patagonicus,52015,Laguna Colorada Formation,Argentina,Rhaetian,14.67535,1.259567,35.138271180000004,7.4822316
Coelophysis_bauri,52498,Chinle Formation (Siltstone and Petrified Forest Members),USA,Rhaetian,35.030029999999996,0.7444038,6.948,5.30901626
Coelophysis_bauri,52498,Chinle Formation (Siltstone and Petrified Forest Members),USA,Rhaetian,35.030029999999996,0.7444038,6.948,5.30901626
Coelophysis_bauri,52498,Chinle Formation (Siltstone and Petrified Forest Members),USA,Rhaetian,35.030029999999996,0.7444038,6.948,5.30901626
Coelophysis_bauri,54167,Chinle Formation (Siltstone and Petrified Forest Members),USA,Rhaetian,35.030029999999996,0.7444038,6.948,5.30901626
Coelophysis_bauri,54168,Chinle Formation (Siltstone and Petrified Forest Members),USA,Rhaetian,33.436279999999996,0.9447011,8.498930000000001,6.0178133
Lesothosaurus_diagnosticus,48391,Elliot Formation (Upper),Lesotho,Sinemurian,17.9859,0.7684606,42.8675855,1.4539000000000002
Lesothosaurus_diagnosticus,48391,Elliot Formation (Upper),Lesotho,Sinemurian,17.9859,0.7684606,42.8675855,1.4539000000000002
Tazoudasaurus_naimi,56129,Toundoute Group,Morocco,Toarcian,29.87766,0.9752001,20.58557,4.3291696
Tazoudasaurus_naimi,56129,Toundoute Group,Morocco,Toarcian,29.87766,0.9752001,20.58557,4.3291696
Tazoudasaurus_naimi,56130,Toundoute Group,Morocco,Toarcian,29.87766,0.9752001,20.58557,4.3291696
Tazoudasaurus_naimi,56130,Toundoute Group,Morocco,Toarcian,29.87766,0.9752001,20.58557,4.3291696
Berberosaurus_liassicus,56130,Toundoute Group,Morocco,Toarcian,29.87766,0.9752001,20.58557,4.3291696
Berberosaurus_liassicus,56130,Toundoute Group,Morocco,Toarcian,29.87766,0.9752001,20.58557,4.3291696
Meroktenos_thabanensis,59291,Elliot Formation (Lower),South Africa,Rhaetian,17.4025,0.7935188,44.449152999999995,3.1092313000000003
Meroktenos_thabanensis,59291,Elliot Formation (Lower),South Africa,Rhaetian,17.4025,0.7935188,44.449152999999995,3.1092313000000003
Heterodontosaurus_tucki,59339,Clarens Formation and Elliot Formation (Upper),South Africa,Pliensbachian,15.2345,0.9497582,41.122038,1.7984080000000002
Sinosaurus_triassicus,66926,Lufeng Formation (Zhangjiawa and Shawan Members),China,Sinemurian,10.85016,1.638823,54.92191,1.543628
Sinosaurus_triassicus,66926,Lufeng Formation (Zhangjiawa and Shawan Members),China,Sinemurian,10.85016,1.638823,54.92191,1.543628
Yunnanosaurus_huangi,66926,Lufeng Formation (Zhangjiawa and Shawan Members),China,Sinemurian,10.85016,1.638823,54.92191,1.543628
Yunnanosaurus_huangi,66926,Lufeng Formation (Zhangjiawa and Shawan Members),China,Sinemurian,10.85016,1.638823,54.92191,1.543628
Dilophosaurus_wetherilli,35250,Kayenta Formation (Silty Facies Member and Glen Canyon Group),USA,Pliensbachian,29.11801,1.86051,17.521,12.812273992
Dilophosaurus_wetherilli,35250,Kayenta Formation (Silty Facies Member and Glen Canyon Group),USA,Pliensbachian,29.11801,1.86051,17.521,12.812273992
Abrictosaurus_consors,69695,Elliot Formation (Upper),Lesotho,Sinemurian,17.034,1.075592,43.235564700000005,1.879698
Abrictosaurus_consors,69695,Elliot Formation (Upper),Lesotho,Sinemurian,17.034,1.075592,43.235564700000005,1.879698
Lycorhinus_angustidens,69696,Elliot Formation (Upper),South Africa,Sinemurian,17.034,1.075592,43.235564700000005,1.879698
Lycorhinus_angustidens,69696,Elliot Formation (Upper),South Africa,Sinemurian,17.034,1.075592,43.235564700000005,1.879698
Lycorhinus_angustidens,36669,Elliot Formation (Upper),South Africa,Sinemurian,17.034,1.075592,43.235564700000005,1.879698
Lycorhinus_angustidens,36669,Elliot Formation (Upper),South Africa,Sinemurian,17.034,1.075592,43.235564700000005,1.879698
Sinosaurus_triassicus,71907,Lufeng Formation (Zhangjiawa and Shawan Members),China,Sinemurian,10.85016,1.638823,54.92191,1.543628
Sinosaurus_triassicus,71907,Lufeng Formation (Zhangjiawa and Shawan Members),China,Sinemurian,10.85016,1.638823,54.92191,1.543628
Eocursor_parvus,73887,Elliot Formation (Upper),South Africa,Sinemurian,17.9859,0.7684606,42.8675855,1.4539000000000002
Eocursor_parvus,73887,Elliot Formation (Upper),South Africa,Sinemurian,17.9859,0.7684606,42.8675855,1.4539000000000002
Dromomeron_romeri,62311,"Chinle Formation (Petrified Forest Member), Cooper Canyon Formation, Chinle Formation (Owl Creek Member)",USA,Rhaetian,33.436279999999996,0.9447011,8.498930000000001,6.0178133
Dromomeron_romeri,74202,"Chinle Formation (Petrified Forest Member), Cooper Canyon Formation, Chinle Formation (Owl Creek Member)",USA,Rhaetian,33.436279999999996,0.9447011,8.498930000000001,6.0178133
Dracovenator_regenti,75177,Elliot Formation (Upper),South Africa,Sinemurian,17.9859,0.7684606,42.8675855,1.4539000000000002
Dracovenator_regenti,75177,Elliot Formation (Upper),South Africa,Sinemurian,17.9859,0.7684606,42.8675855,1.4539000000000002
Aardonyx_celestae,47031,Elliot Formation (Upper),South Africa,Sinemurian,21.98544,0.3881603,45.100742,0.3816977
Aardonyx_celestae,47031,Elliot Formation (Upper),South Africa,Sinemurian,21.98544,0.3881603,45.100742,0.3816977
Pulanesaura_eocollum,76191,Elliot Formation (Upper),South Africa,Sinemurian,21.98544,0.3881603,45.100742,0.3816977
Pulanesaura_eocollum,76191,Elliot Formation (Upper),South Africa,Sinemurian,21.98544,0.3881603,45.100742,0.3816977
Massospondylus_carinatus,77055,"Elliot Formation (Upper), Forest Sandstone Formation, Clarens Formation",South Africa and Zimbabwe,Pliensbachian,15.2345,0.9497582,41.122038,1.7984080000000002
Yunnanosaurus_huangi,72091,Lufeng Formation (Zhangjiawa and Shawan Members),China,Sinemurian,10.85016,1.638823,54.92191,1.543628
Sinosaurus_triassicus,72091,Lufeng Formation (Zhangjiawa and Shawan Members),China,Sinemurian,10.85016,1.638823,54.92191,1.543628
Yunnanosaurus_huangi,78993,Lufeng Formation (Zhangjiawa and Shawan Members),China,Sinemurian,10.85016,1.638823,54.92191,1.543628
Sinosaurus_triassicus,78993,Lufeng Formation (Zhangjiawa and Shawan Members),China,Sinemurian,10.85016,1.638823,54.92191,1.543628
Heterodontosaurus_tucki,85486,Clarens Formation and Elliot Formation (Upper),South Africa,Pliensbachian,15.2345,0.9497582,41.122038,1.7984080000000002
Dromomeron_romeri,52498,"Chinle Formation (Petrified Forest Member), Cooper Canyon Formation, Chinle Formation (Owl Creek Member)",USA,Rhaetian,35.030029999999996,0.7444038,6.948,5.30901626
Seitaad_ruessi,94804,Navajo Sandstone Formation,USA,Toarcian,29.7742,1.451584,21.11221,10.4922302
Seitaad_ruessi,94804,Navajo Sandstone Formation,USA,Toarcian,29.7742,1.451584,21.11221,10.4922302
Barapasaurus_tagorei,97447,Kota Formation (Lower),India,Pliensbachian,28.91748,3.280145,18.19257,13.060672
Barapasaurus_tagorei,97447,Kota Formation (Lower),India,Pliensbachian,28.91748,3.280145,18.19257,13.060672
Sarahsaurus_aurifontanalis,98597,Kayenta Formation (Silty Facies Member),USA,Pliensbachian,29.11801,1.86051,17.521,12.812273992
Sarahsaurus_aurifontanalis,98597,Kayenta Formation (Silty Facies Member),USA,Pliensbachian,29.11801,1.86051,17.521,12.812273992
Ignavusaurus_rachelis,99624,Elliot Formation (Upper),Lesotho,Sinemurian,17.034,1.075592,43.235564700000005,1.879698
Leonerasaurus_taquetrensis,103445,Las Leoneras Formation (Upper),Argentina,Pliensbachian,18.23163,1.17821,39.927031,5.7642688
Daemonosaurus_chauliodus,48422,Chinle Formation (Siltstone Member),USA,Rhaetian,33.436279999999996,0.9447011,8.498930000000001,6.0178133
Daemonosaurus_chauliodus,48422,Chinle Formation (Siltstone Member),USA,Rhaetian,33.436279999999996,0.9447011,8.498930000000001,6.0178133
Leyesaurus_marayensis,131450,Quebrada del Barro Formation,Argentina,Rhaetian,20.52487,0.4813195,40.680026,2.5118199
Leyesaurus_marayensis,131450,Quebrada del Barro Formation,Argentina,Rhaetian,4.975311,0,5.1527709999999995,0
Heterodontosaurus_tucki,49394,Clarens Formation and Elliot Formation (Upper),South Africa,Pliensbachian,15.2345,0.9497582,41.122038,1.7984080000000002
Sinosaurus_triassicus,49773,Lufeng Formation (Zhangjiawa and Shawan Members),China,Sinemurian,10.85016,1.638823,54.92191,1.543628
Sinosaurus_triassicus,71803,Lufeng Formation (Zhangjiawa and Shawan Members),China,Sinemurian,10.85016,1.638823,54.92191,1.543628
Sinosaurus_triassicus,49773,Lufeng Formation (Zhangjiawa and Shawan Members),China,Sinemurian,10.85016,1.638823,54.92191,1.543628
Yunnanosaurus_huangi,49773,Lufeng Formation (Zhangjiawa and Shawan Members),China,Sinemurian,10.85016,1.638823,54.92191,1.543628
Yunnanosaurus_huangi,47081,Lufeng Formation (Zhangjiawa and Shawan Members),China,Sinemurian,11.93262,3.314892,47.34375,5.752542999999999
Sinosaurus_triassicus,59348,Lufeng Formation (Zhangjiawa and Shawan Members),China,Sinemurian,10.85016,1.638823,54.92191,1.543628
Sinosaurus_triassicus,49775,Lufeng Formation (Zhangjiawa and Shawan Members),China,Sinemurian,10.85016,1.638823,54.92191,1.543628
Sinosaurus_triassicus,49775,Lufeng Formation (Zhangjiawa and Shawan Members),China,Sinemurian,10.85016,1.638823,54.92191,1.543628
Eucnemesaurus_entaxonis,172834,Elliot Formation (Lower),South Africa,Rhaetian,17.4025,0.7935188,44.449152999999995,3.1092313000000003
Eucnemesaurus_entaxonis,172834,Elliot Formation (Lower),South Africa,Rhaetian,17.4025,0.7935188,44.449152999999995,3.1092313000000003
Mussaurus_patagonicus,179278,Laguna Colorada Formation,Argentina,Rhaetian,13.6879,1.116292,28.904996,6.5782183000000005
Massospondylus_carinatus,24755,"Elliot Formation (Upper), Forest Sandstone Formation, Clarens Formation",South Africa and Zimbabwe,Pliensbachian,27.23312,0.5540857,42.078402,4.3229593
Dromomeron_gigas,182613,Quebrada del Barro Formation,Argentina,Rhaetian,20.52487,0.4813195,40.680026,2.5118199
Lucianovenator_bonoi,182613,Quebrada del Barro Formation,Argentina,Rhaetian,20.52487,0.4813195,40.680026,2.5118199
Dromomeron_romeri,196354,"Chinle Formation (Petrified Forest Member), Cooper Canyon Formation, Chinle Formation (Owl Creek Member)",USA,Rhaetian,37.46384,0.7887796,5.391390000000001,5.3760685
Ledumahadi_mafube,196716,Elliot Formation (Upper),South Africa,Sinemurian,19.84052,0.7205148,43.812102,0.900899
Ledumahadi_mafube,196716,Elliot Formation (Upper),South Africa,Sinemurian,19.84052,0.7205148,43.812102,0.900899
Dromomeron_romeri,198618,"Chinle Formation (Petrified Forest Member), Cooper Canyon Formation, Chinle Formation (Owl Creek Member)",USA,Rhaetian,34.77591,0.5096018,6.232490000000002,3.86341038
Dromomeron_romeri,198618,"Chinle Formation (Petrified Forest Member), Cooper Canyon Formation, Chinle Formation (Owl Creek Member)",USA,Rhaetian,34.77591,0.5096018,6.232490000000002,3.86341038
Dromomeron_romeri,92089,"Chinle Formation (Petrified Forest Member), Cooper Canyon Formation, Chinle Formation (Owl Creek Member)",USA,Rhaetian,33.80762,1.031509,11.760470000000002,7.752307351
Dromomeron_romeri,92089,"Chinle Formation (Petrified Forest Member), Cooper Canyon Formation, Chinle Formation (Owl Creek Member)",USA,Rhaetian,33.80762,1.031509,11.760470000000002,7.752307351
Dilophosaurus_wetherilli,214347,Kayenta Formation (Silty Facies Member and Glen Canyon Group),USA,Pliensbachian,29.11801,1.86051,17.521,12.812273992
Dilophosaurus_wetherilli,214347,Kayenta Formation (Silty Facies Member and Glen Canyon Group),USA,Pliensbachian,29.11801,1.86051,17.521,12.812273992
Dilophosaurus_wetherilli,98597,Kayenta Formation (Silty Facies Member and Glen Canyon Group),USA,Pliensbachian,29.11801,1.86051,17.521,12.812273992
Dilophosaurus_wetherilli,98597,Kayenta Formation (Silty Facies Member and Glen Canyon Group),USA,Pliensbachian,29.11801,1.86051,17.521,12.812273992
Dilophosaurus_wetherilli,214348,Kayenta Formation (Silty Facies Member and Glen Canyon Group),USA,Pliensbachian,29.11801,1.86051,17.521,12.812273992
Dilophosaurus_wetherilli,214348,Kayenta Formation (Silty Facies Member and Glen Canyon Group),USA,Pliensbachian,29.11801,1.86051,17.521,12.812273992
Dilophosaurus_wetherilli,214349,Kayenta Formation (Silty Facies Member and Glen Canyon Group),USA,Pliensbachian,28.94357,1.861884,20.296720000000004,11.878335933
Dilophosaurus_wetherilli,214380,Kayenta Formation (Silty Facies Member and Glen Canyon Group),USA,Pliensbachian,28.94113,1.911057,20.129490000000004,12.167373913
Arizona_Scelidosaur,51895,Kayenta Formation,USA,Pliensbachian,29.11801,1.86051,17.521,12.812273992
Kayenta_heterodontosaurid,13279,Kayenta Formation,USA,Pliensbachian,29.11801,1.86051,17.521,12.812273992
Kayenta_heterodontosaurid,13279,Kayenta Formation,USA,Pliensbachian,29.11801,1.86051,17.521,12.812273992
Lewisuchus_admixtus,13271,Chañares Formation (Massetognathus–Chanaresuchus zone),Argentina,Carnian,22.08206,1.042526,44.968814,3.8588599
Lewisuchus_admixtus,13271,Chañares Formation (Massetognathus–Chanaresuchus zone),Argentina,Carnian,22.08206,1.042526,44.968814,3.8588599
Lagerpeton_chanarensis,13271,Chañares Formation (Massetognathus–Chanaresuchus zone),Argentina,Carnian,22.08206,1.042526,44.968814,3.8588599
Lagerpeton_chanarensis,13271,Chañares Formation (Massetognathus–Chanaresuchus zone),Argentina,Carnian,22.08206,1.042526,44.968814,3.8588599
Scutellosaurus_lawleri,13279,Kayenta Formation (Silty Facies Member),USA,Sinemurian,35.8689,0.6452784,8.780939999999998,4.228167145
Scutellosaurus_lawleri,13279,Kayenta Formation (Silty Facies Member),USA,Sinemurian,35.8689,0.6452784,8.780939999999998,4.228167145
Scutellosaurus_lawleri,13280,Kayenta Formation (Silty Facies Member),USA,Sinemurian,35.8689,0.6452784,8.780939999999998,4.228167145
Scutellosaurus_lawleri,13280,Kayenta Formation (Silty Facies Member),USA,Sinemurian,35.8689,0.6452784,8.780939999999998,4.228167145
Efraasia_minor,13285,Löwenstein Formation (Lower Stubensandstein Member),Germany,Norian,27.76358,1.370686,34.94238,3.219998
Efraasia_minor,13285,Löwenstein Formation (Lower Stubensandstein Member),Germany,Norian,27.76358,1.370686,34.94238,3.219998
Massospondylus_carinatus,13326,"Elliot Formation (Upper), Forest Sandstone Formation, Clarens Formation",South Africa and Zimbabwe,Hettangian,19.8288,0.4755427,47.316189,1.5103369999999998
Massospondylus_carinatus,13326,"Elliot Formation (Upper), Forest Sandstone Formation, Clarens Formation",South Africa and Zimbabwe,Hettangian,19.8288,0.4755427,47.316189,1.5103369999999998
Dilophosaurus_wetherilli,13409,Kayenta Formation (Silty Facies Member and Glen Canyon Group),USA,Sinemurian,35.8689,0.6452784,8.780939999999998,4.228167145
Dilophosaurus_wetherilli,13409,Kayenta Formation (Silty Facies Member and Glen Canyon Group),USA,Sinemurian,35.8689,0.6452784,8.780939999999998,4.228167145
Dilophosaurus_wetherilli,13410,Kayenta Formation (Silty Facies Member and Glen Canyon Group),USA,Sinemurian,35.8689,0.6452784,8.780939999999998,4.228167145
Dilophosaurus_wetherilli,13410,Kayenta Formation (Silty Facies Member and Glen Canyon Group),USA,Sinemurian,35.8689,0.6452784,8.780939999999998,4.228167145
Coelophysis_rhodesiensis,22663,"Forest Sandstone Formation, Nyamandhlovu Sandstones Formation, Elliot Formation (Upper)",Zimbabwe & South Africa,Hettangian,31.12729,0.4343985,39.7409,3.1648278
Coelophysis_rhodesiensis,22663,"Forest Sandstone Formation, Nyamandhlovu Sandstones Formation, Elliot Formation (Upper)",Zimbabwe & South Africa,Hettangian,31.12729,0.4343985,39.7409,3.1648278
Plateosaurus_engelhardti,22680,"Trossingen Formation (Feuerletten Member), Marnes irisées supérieures Formation,  Löwenstein Formation","France, Germany, Switzerland",Norian,28.90005,1.000406,31.029360000000004,3.30474
Plateosaurus_engelhardti,22680,"Trossingen Formation (Feuerletten Member), Marnes irisées supérieures Formation,  Löwenstein Formation","France, Germany, Switzerland",Norian,28.90005,1.000406,31.029360000000004,3.30474
Chindesaurus_bryansmalli,22706,Chinle Formation (Petrified Forest Member),USA,Norian,35.04388,0.8209236,5.324160000000003,5.15831674
Chindesaurus_bryansmalli,22706,Chinle Formation (Petrified Forest Member),USA,Norian,35.04388,0.8209236,5.324160000000003,5.15831674
Emausaurus_ernsti,24862,NA,Germany,Toarcian,20.18344,2.267282,47.0660964,6.450554
Emausaurus_ernsti,24862,NA,Germany,Toarcian,20.18344,2.267282,47.0660964,6.450554
Eoraptor_lunensis,24877,"Ischigualasto Formation (Cancha de Bochas Member, Scaphonyx-Exaeretodon-Herrerasaurus other zone)",Argentina,Carnian,22.08206,1.042526,44.968814,3.8588599
Eoraptor_lunensis,24877,"Ischigualasto Formation (Cancha de Bochas Member, Scaphonyx-Exaeretodon-Herrerasaurus other zone)",Argentina,Carnian,22.08206,1.042526,44.968814,3.8588599
Herrerasaurus_ischigualastensis,24877,"Ischigualasto Formation (Cancha de Bochas Member, Scaphonyx-Exaeretodon-Herrerasaurus other zone)",Argentina,Carnian,22.08206,1.042526,44.968814,3.8588599
Herrerasaurus_ischigualastensis,24877,"Ischigualasto Formation (Cancha de Bochas Member, Scaphonyx-Exaeretodon-Herrerasaurus other zone)",Argentina,Carnian,22.08206,1.042526,44.968814,3.8588599
Herrerasaurus_ischigualastensis,24878,"Ischigualasto Formation (Cancha de Bochas Member, Scaphonyx-Exaeretodon-Herrerasaurus other zone)",Argentina,Carnian,22.08206,1.042526,44.968814,3.8588599
Herrerasaurus_ischigualastensis,24878,"Ischigualasto Formation (Cancha de Bochas Member, Scaphonyx-Exaeretodon-Herrerasaurus other zone)",Argentina,Carnian,22.08206,1.042526,44.968814,3.8588599
Segisaurus_halli,25306,Navajo Sandstone Formation,USA,Pliensbachian,28.94113,1.911057,20.129490000000004,12.167373913
Segisaurus_halli,25306,Navajo Sandstone Formation,USA,Pliensbachian,28.94113,1.911057,20.129490000000004,12.167373913
Saturnalia_tupiniquim,25307,"Santa Maria Formation (Alemoa Member, Hyperodapedon other zone)",Brazil,Carnian,20.94003,0.6687132,49.524597,1.6672589999999998
Saturnalia_tupiniquim,25307,"Santa Maria Formation (Alemoa Member, Hyperodapedon other zone)",Brazil,Carnian,20.94003,0.6687132,49.524597,1.6672589999999998
Lagerpeton_chanarensis,26092,Chañares Formation (Massetognathus–Chanaresuchus zone),Argentina,Carnian,22.08206,1.042526,44.968814,3.8588599
Lagerpeton_chanarensis,26092,Chañares Formation (Massetognathus–Chanaresuchus zone),Argentina,Carnian,22.08206,1.042526,44.968814,3.8588599
Lewisuchus_admixtus,26092,Chañares Formation (Massetognathus–Chanaresuchus zone),Argentina,Carnian,22.08206,1.042526,44.968814,3.8588599
Lewisuchus_admixtus,26092,Chañares Formation (Massetognathus–Chanaresuchus zone),Argentina,Carnian,22.08206,1.042526,44.968814,3.8588599
Marasuchus_lilloensis,26092,Chañares Formation (Massetognathus–Chanaresuchus zone),Argentina,Carnian,22.08206,1.042526,44.968814,3.8588599
Marasuchus_lilloensis,26092,Chañares Formation (Massetognathus–Chanaresuchus zone),Argentina,Carnian,22.08206,1.042526,44.968814,3.8588599
Pisanosaurus_mertii,26452,"Ischigualasto Formation (La Peña Member, Scaphonyx-Exaeretodon-Herrerasaurus biozone)",Argentina,Carnian,22.08206,1.042526,44.968814,3.8588599
Pisanosaurus_mertii,26452,"Ischigualasto Formation (La Peña Member, Scaphonyx-Exaeretodon-Herrerasaurus biozone)",Argentina,Carnian,22.08206,1.042526,44.968814,3.8588599
Pantydraco_caducus,27012,NA,UK,Rhaetian,30.68597,1.048693,39.49496,3.467053700000001
Pantydraco_caducus,27012,NA,UK,Rhaetian,30.68597,1.048693,39.49496,3.467053700000001
Lesothosaurus_diagnosticus,28570,Elliot Formation (Upper),Lesotho,Hettangian,19.7674,0.2783161,47.176541,0.7291392999999999
Lesothosaurus_diagnosticus,28570,Elliot Formation (Upper),Lesotho,Hettangian,19.7674,0.2783161,47.176541,0.7291392999999999
Lesothosaurus_diagnosticus,28613,Elliot Formation (Upper),Lesotho,Hettangian,20.07159,0.7656069,43.318574000000005,4.084660700000001
Lesothosaurus_diagnosticus,28613,Elliot Formation (Upper),Lesotho,Hettangian,20.07159,0.7656069,43.318574000000005,4.084660700000001
Zupaysaurus_rougieri,34132,Los Colorados Formation,Argentina,Norian,21.26407,0.3352539,37.450503,1.1838146
Zupaysaurus_rougieri,34132,Los Colorados Formation,Argentina,Norian,21.26407,0.3352539,37.450503,1.1838146
Vulcanodon_karibaensis,34768,Forest Sandstone Formation,Zimbabwe,Hettangian,30.0524,0.4670721,42.923523,3.50127906
Massospondylus_carinatus,34777,"Elliot Formation (Upper), Forest Sandstone Formation, Clarens Formation",South Africa and Zimbabwe,Hettangian,31.12729,0.4343985,39.7409,3.1648278
Coelophysis_kayentakatae,35248,Kayenta Formation (Silty Facies Member),USA,Sinemurian,35.8689,0.6452784,8.780939999999998,4.228167145
Coelophysis_kayentakatae,35248,Kayenta Formation (Silty Facies Member),USA,Sinemurian,35.8689,0.6452784,8.780939999999998,4.228167145
Coelophysis_kayentakatae,35249,Kayenta Formation (Silty Facies Member),USA,Sinemurian,35.8689,0.6452784,8.780939999999998,4.228167145
Coelophysis_kayentakatae,35249,Kayenta Formation (Silty Facies Member),USA,Sinemurian,35.8689,0.6452784,8.780939999999998,4.228167145
Coelophysis_kayentakatae,35250,Kayenta Formation (Silty Facies Member),USA,Sinemurian,35.8689,0.6452784,8.780939999999998,4.228167145
Coelophysis_kayentakatae,35250,Kayenta Formation (Silty Facies Member),USA,Sinemurian,35.8689,0.6452784,8.780939999999998,4.228167145
Barapasaurus_tagorei,35268,Kota Formation (Lower),India,Sinemurian,29.13507,4.253777,12.34161,17.564057000000002
Barapasaurus_tagorei,35268,Kota Formation (Lower),India,Sinemurian,29.13507,4.253777,12.34161,17.564057000000002
Blikanasaurus_cromptoni,35295,Elliot Formation (Lower),South Africa,Norian,14.16898,0.6965679,44.745332000000005,3.1775231
Blikanasaurus_cromptoni,35295,Elliot Formation (Lower),South Africa,Norian,14.16898,0.6965679,44.745332000000005,3.1775231
Melanorosaurus_readi,36609,Elliot Formation (Lower),South Africa,Norian,14.16898,0.6965679,44.745332000000005,3.1775231
Melanorosaurus_readi,36609,Elliot Formation (Lower),South Africa,Norian,14.16898,0.6965679,44.745332000000005,3.1775231
Massospondylus_carinatus,36702,"Elliot Formation (Upper), Forest Sandstone Formation, Clarens Formation",South Africa and Zimbabwe,Hettangian,19.7674,0.2783161,47.176541,0.7291392999999999
Melanorosaurus_readi,36704,Elliot Formation (Lower),South Africa,Norian,14.16898,0.6965679,44.745332000000005,3.1775231
Melanorosaurus_readi,36704,Elliot Formation (Lower),South Africa,Norian,14.16898,0.6965679,44.745332000000005,3.1775231
Melanorosaurus_readi,36705,Elliot Formation (Lower),South Africa,Norian,14.16898,0.6965679,44.745332000000005,3.1775231
Melanorosaurus_readi,36705,Elliot Formation (Lower),South Africa,Norian,14.16898,0.6965679,44.745332000000005,3.1775231
Eucnemesaurus_fortis,36733,Elliot Formation (Lower),South Africa,Norian,14.06256,1.000032,45.401366,5.3290475
Eucnemesaurus_fortis,36733,Elliot Formation (Lower),South Africa,Norian,14.06256,1.000032,45.401366,5.3290475
Plateosauravus_cullingworthi,36735,Elliot Formation (Lower),South Africa,Norian,14.16898,0.6965679,44.745332000000005,3.1775231
Plateosauravus_cullingworthi,36735,Elliot Formation (Lower),South Africa,Norian,14.16898,0.6965679,44.745332000000005,3.1775231
Plateosauravus_cullingworthi,36738,Elliot Formation (Lower),South Africa,Norian,14.16898,0.6965679,44.745332000000005,3.1775231
Plateosauravus_cullingworthi,36738,Elliot Formation (Lower),South Africa,Norian,14.16898,0.6965679,44.745332000000005,3.1775231
Massospondylus_carinatus,36741,"Elliot Formation (Upper), Forest Sandstone Formation, Clarens Formation",South Africa and Zimbabwe,Hettangian,19.8288,0.4755427,47.316189,1.5103369999999998
Massospondylus_carinatus,36741,"Elliot Formation (Upper), Forest Sandstone Formation, Clarens Formation",South Africa and Zimbabwe,Hettangian,19.8288,0.4755427,47.316189,1.5103369999999998
Massospondylus_carinatus,36850,"Elliot Formation (Upper), Forest Sandstone Formation, Clarens Formation",South Africa and Zimbabwe,Hettangian,22.19666,0.2424241,47.7548804,0.5799683
Sarcosaurus_woodi,37812,Blue Lias Formation (bucklandi ammonoid zone),UK,Sinemurian,21.18372,2.472701,36.896939,5.447898
Antetonitrus_ingenipes,39659,Elliot Formation (Upper),South Africa,Hettangian,19.7674,0.2783161,47.176541,0.7291392999999999
Antetonitrus_ingenipes,39659,Elliot Formation (Upper),South Africa,Hettangian,19.7674,0.2783161,47.176541,0.7291392999999999
Unaysaurus_tolentinoi,45513,Caturrita Formation (Riograndia assemblage zone),Brazil,Norian,21.90567,0.4976698,47.317808,0.4333990000000001
Unaysaurus_tolentinoi,45513,Caturrita Formation (Riograndia assemblage zone),Brazil,Norian,21.90567,0.4976698,47.317808,0.4333990000000001
Dracovenator_regenti,45530,Elliot Formation (Upper),South Africa,Hettangian,22.19666,0.2424241,47.7548804,0.5799683
Dracovenator_regenti,45530,Elliot Formation (Upper),South Africa,Hettangian,22.19666,0.2424241,47.7548804,0.5799683
Coelophysis_rhodesiensis,45531,"Forest Sandstone Formation, Nyamandhlovu Sandstones Formation, Elliot Formation (Upper)",Zimbabwe & South Africa,Hettangian,22.19666,0.2424241,47.7548804,0.5799683
Coelophysis_rhodesiensis,45531,"Forest Sandstone Formation, Nyamandhlovu Sandstones Formation, Elliot Formation (Upper)",Zimbabwe & South Africa,Hettangian,22.19666,0.2424241,47.7548804,0.5799683
Jingshanosaurus_xinwaensis,46903,Lufeng Formation (Shawan Member),China,Hettangian,12.59045,2.152691,62.44298,6.0857849999999996
Jingshanosaurus_xinwaensis,46903,Lufeng Formation (Shawan Member),China,Hettangian,12.59045,2.152691,62.44298,6.0857849999999996
Massospondylus_kaalae,47032,Elliot Formation (Upper),South Africa,Hettangian,19.7674,0.2783161,47.176541,0.7291392999999999
Massospondylus_kaalae,47032,Elliot Formation (Upper),South Africa,Hettangian,19.7674,0.2783161,47.176541,0.7291392999999999
Lufengosaurus_huenei,47081,"Lufeng Formation (Shawan Member), Zhenzhuchong Formation",China,Hettangian,11.49557,3.752792,51.96543,9.166032
Cryolophosaurus_ellioti,47135,Hanson Formation,Antarctica,Sinemurian,8.106964,1.741133,48.499480000000005,2.9665410000000003
Cryolophosaurus_ellioti,47135,Hanson Formation,Antarctica,Sinemurian,8.106964,1.741133,48.499480000000005,2.9665410000000003
Glacialisaurus_hammeri,47135,Hanson Formation,Antarctica,Sinemurian,8.106964,1.741133,48.499480000000005,2.9665410000000003
Glacialisaurus_hammeri,47135,Hanson Formation,Antarctica,Sinemurian,8.106964,1.741133,48.499480000000005,2.9665410000000003
Anchisaurus_polyzelus,47197,Portland Formation (Agawam Group),USA,Hettangian,33.35147,1.877723,20.135339999999996,10.85104238
Anchisaurus_polyzelus,47197,Portland Formation (Agawam Group),USA,Hettangian,33.35147,1.877723,20.135339999999996,10.85104238
Anchisaurus_polyzelus,47197,Portland Formation (Agawam Group),USA,Hettangian,33.35147,1.877723,20.135339999999996,10.85104238
Anchisaurus_polyzelus,47197,Portland Formation (Agawam Group),USA,Hettangian,33.35147,1.877723,20.135339999999996,10.85104238
Anchisaurus_polyzelus,47197,Portland Formation (Agawam Group),USA,Hettangian,33.35147,1.877723,20.135339999999996,10.85104238
Anchisaurus_polyzelus,47197,Portland Formation (Agawam Group),USA,Hettangian,33.35147,1.877723,20.135339999999996,10.85104238
Anchisaurus_polyzelus,47199,Portland Formation (Agawam Group),USA,Hettangian,33.35147,1.877723,20.135339999999996,10.85104238
Anchisaurus_polyzelus,47199,Portland Formation (Agawam Group),USA,Hettangian,33.35147,1.877723,20.135339999999996,10.85104238
Eucnemesaurus_fortis,36610,Elliot Formation (Lower),South Africa,Norian,14.16898,0.6965679,44.745332000000005,3.1775231
Eucnemesaurus_fortis,36610,Elliot Formation (Lower),South Africa,Norian,14.16898,0.6965679,44.745332000000005,3.1775231
Efraasia_minor,47800,Löwenstein Formation (Lower Stubensandstein Member),Germany,Norian,27.76358,1.370686,34.94238,3.219998
Efraasia_minor,47800,Löwenstein Formation (Lower Stubensandstein Member),Germany,Norian,27.76358,1.370686,34.94238,3.219998
Coelophysis_bauri,48422,Chinle Formation (Siltstone and Petrified Forest Members),USA,Norian,35.86569,0.7302114,4.4039,5.16066753
Chindesaurus_bryansmalli,48546,Chinle Formation (Petrified Forest Member),USA,Norian,34.07892,0.7038454,3.77664,4.87227172
Chindesaurus_bryansmalli,48546,Chinle Formation (Petrified Forest Member),USA,Norian,34.07892,0.7038454,3.77664,4.87227172
Plateosaurus_engelhardti,48639,"Trossingen Formation (Feuerletten Member), Marnes irisées supérieures Formation,  Löwenstein Formation","France, Germany, Switzerland",Norian,28.90005,1.000406,31.029360000000004,3.30474
Plateosaurus_engelhardti,48639,"Trossingen Formation (Feuerletten Member), Marnes irisées supérieures Formation,  Löwenstein Formation","France, Germany, Switzerland",Norian,28.90005,1.000406,31.029360000000004,3.30474
Plateosaurus_engelhardti,25836,"Trossingen Formation (Feuerletten Member), Marnes irisées supérieures Formation,  Löwenstein Formation","France, Germany, Switzerland",Norian,28.90005,1.000406,31.029360000000004,3.30474
Plateosaurus_engelhardti,25836,"Trossingen Formation (Feuerletten Member), Marnes irisées supérieures Formation,  Löwenstein Formation","France, Germany, Switzerland",Norian,28.90005,1.000406,31.029360000000004,3.30474
Camelotia_borealis,48644,Westbury Formation,UK,Rhaetian,30.68597,1.048693,39.49496,3.467053700000001
Camelotia_borealis,48644,Westbury Formation,UK,Rhaetian,30.68597,1.048693,39.49496,3.467053700000001
Staurikosaurus_pricei,48658,"Santa Maria Formation (Alemoa Member, Rhynchocephalian (Scaphonyx) Assemblage Zone)",Brazil,Carnian,20.94003,0.6687132,49.524597,1.6672589999999998
Staurikosaurus_pricei,48658,"Santa Maria Formation (Alemoa Member, Rhynchocephalian (Scaphonyx) Assemblage Zone)",Brazil,Carnian,20.94003,0.6687132,49.524597,1.6672589999999998
Plateosaurus_engelhardti,48683,"Trossingen Formation (Feuerletten Member), Marnes irisées supérieures Formation,  Löwenstein Formation","France, Germany, Switzerland",Norian,25.68661,1.875858,35.570497,3.5379199999999997
Plateosaurus_engelhardti,48683,"Trossingen Formation (Feuerletten Member), Marnes irisées supérieures Formation,  Löwenstein Formation","France, Germany, Switzerland",Norian,25.68661,1.875858,35.570497,3.5379199999999997
Ruehleia_bedheimensis,48694,Trossingen Formation,Germany,Norian,25.68661,1.875858,35.570497,3.5379199999999997
Ruehleia_bedheimensis,48694,Trossingen Formation,Germany,Norian,25.68661,1.875858,35.570497,3.5379199999999997
Liliensternus_liliensterni,48694,Trossingen Formation,Germany,Norian,25.68661,1.875858,35.570497,3.5379199999999997
Liliensternus_liliensterni,48694,Trossingen Formation,Germany,Norian,25.68661,1.875858,35.570497,3.5379199999999997
Massospondylus_carinatus,48824,"Elliot Formation (Upper), Forest Sandstone Formation, Clarens Formation",South Africa and Zimbabwe,Hettangian,19.7674,0.2783161,47.176541,0.7291392999999999
Massospondylus_carinatus,48824,"Elliot Formation (Upper), Forest Sandstone Formation, Clarens Formation",South Africa and Zimbabwe,Hettangian,19.7674,0.2783161,47.176541,0.7291392999999999
Massospondylus_carinatus,48825,"Elliot Formation (Upper), Forest Sandstone Formation, Clarens Formation",South Africa and Zimbabwe,Hettangian,19.7674,0.2783161,47.176541,0.7291392999999999
Massospondylus_carinatus,48825,"Elliot Formation (Upper), Forest Sandstone Formation, Clarens Formation",South Africa and Zimbabwe,Hettangian,19.7674,0.2783161,47.176541,0.7291392999999999
Ngwevu_intloko,48826,Elliot Formation (Upper),South Africa,Hettangian,19.8288,0.4755427,47.316189,1.5103369999999998
Ngwevu_intloko,48826,Elliot Formation (Upper),South Africa,Hettangian,19.8288,0.4755427,47.316189,1.5103369999999998
Massospondylus_carinatus,48827,"Elliot Formation (Upper), Forest Sandstone Formation, Clarens Formation",South Africa and Zimbabwe,Hettangian,19.7674,0.2783161,47.176541,0.7291392999999999
Lycorhinus_angustidens,48828,Elliot Formation (Upper),South Africa,Hettangian,19.8288,0.4755427,47.316189,1.5103369999999998
Lycorhinus_angustidens,48828,Elliot Formation (Upper),South Africa,Hettangian,19.8288,0.4755427,47.316189,1.5103369999999998
Isanosaurus_attavipachi,48871,Nam Phong Formation (Upper),Thailand,Pliensbachian,23.25262,3.162334,31.291807,7.309736999999999
Isanosaurus_attavipachi,48871,Nam Phong Formation (Upper),Thailand,Pliensbachian,23.25262,3.162334,31.291807,7.309736999999999
Gojirasaurus_quayi,49499,Bull Canyon Formation,USA,Norian,36.03503,0.5133756,4.386900000000004,3.74828659
Gojirasaurus_quayi,49499,Bull Canyon Formation,USA,Norian,36.03503,0.5133756,4.386900000000004,3.74828659
Lufengosaurus_huenei,49501,"Lufeng Formation (Shawan Member), Zhenzhuchong Formation",China,Hettangian,12.59045,2.152691,62.44298,6.0857849999999996
Lufengosaurus_huenei,49501,"Lufeng Formation (Shawan Member), Zhenzhuchong Formation",China,Hettangian,12.59045,2.152691,62.44298,6.0857849999999996
Lufengosaurus_huenei,49501,"Lufeng Formation (Shawan Member), Zhenzhuchong Formation",China,Hettangian,12.59045,2.152691,62.44298,6.0857849999999996
Lufengosaurus_huenei,49501,"Lufeng Formation (Shawan Member), Zhenzhuchong Formation",China,Hettangian,12.59045,2.152691,62.44298,6.0857849999999996
Lufengosaurus_huenei,49503,"Lufeng Formation (Shawan Member), Zhenzhuchong Formation",China,Hettangian,12.59045,2.152691,62.44298,6.0857849999999996
Lufengosaurus_huenei,49503,"Lufeng Formation (Shawan Member), Zhenzhuchong Formation",China,Hettangian,12.59045,2.152691,62.44298,6.0857849999999996
Lufengosaurus_huenei,49503,"Lufeng Formation (Shawan Member), Zhenzhuchong Formation",China,Hettangian,12.59045,2.152691,62.44298,6.0857849999999996
Lufengosaurus_huenei,49503,"Lufeng Formation (Shawan Member), Zhenzhuchong Formation",China,Hettangian,12.59045,2.152691,62.44298,6.0857849999999996
Lufengosaurus_huenei,49503,"Lufeng Formation (Shawan Member), Zhenzhuchong Formation",China,Hettangian,12.59045,2.152691,62.44298,6.0857849999999996
Lufengosaurus_huenei,49503,"Lufeng Formation (Shawan Member), Zhenzhuchong Formation",China,Hettangian,12.59045,2.152691,62.44298,6.0857849999999996
Sinosaurus_triassicus,49503,Lufeng Formation (Zhangjiawa and Shawan Members),China,Hettangian,12.59045,2.152691,62.44298,6.0857849999999996
Sinosaurus_triassicus,49503,Lufeng Formation (Zhangjiawa and Shawan Members),China,Hettangian,12.59045,2.152691,62.44298,6.0857849999999996
Lufengosaurus_huenei,49773,"Lufeng Formation (Shawan Member), Zhenzhuchong Formation",China,Hettangian,12.59045,2.152691,62.44298,6.0857849999999996
Lufengosaurus_huenei,49773,"Lufeng Formation (Shawan Member), Zhenzhuchong Formation",China,Hettangian,12.59045,2.152691,62.44298,6.0857849999999996
Lufengosaurus_huenei,49773,"Lufeng Formation (Shawan Member), Zhenzhuchong Formation",China,Hettangian,12.59045,2.152691,62.44298,6.0857849999999996
Lufengosaurus_huenei,49780,"Lufeng Formation (Shawan Member), Zhenzhuchong Formation",China,Hettangian,13.3273,3.907186,50.04342,3.90944
Ohmdenosaurus_liasicus,50766,Posidonia Shale Formation,Germany,Toarcian,20.12006,1.776558,47.18935841,4.721341
Ohmdenosaurus_liasicus,50766,Posidonia Shale Formation,Germany,Toarcian,20.12006,1.776558,47.18935841,4.721341
Coelophysis_rhodesiensis,50823,"Forest Sandstone Formation, Nyamandhlovu Sandstones Formation, Elliot Formation (Upper)",Zimbabwe & South Africa,Hettangian,31.12729,0.4343985,39.7409,3.1648278
Coelophysis_rhodesiensis,50823,"Forest Sandstone Formation, Nyamandhlovu Sandstones Formation, Elliot Formation (Upper)",Zimbabwe & South Africa,Hettangian,31.12729,0.4343985,39.7409,3.1648278
Coelophysis_rhodesiensis,50824,"Forest Sandstone Formation, Nyamandhlovu Sandstones Formation, Elliot Formation (Upper)",Zimbabwe & South Africa,Hettangian,31.12729,0.4343985,39.7409,3.1648278
Coelophysis_rhodesiensis,50824,"Forest Sandstone Formation, Nyamandhlovu Sandstones Formation, Elliot Formation (Upper)",Zimbabwe & South Africa,Hettangian,31.12729,0.4343985,39.7409,3.1648278
Scutellosaurus_lawleri,51894,Kayenta Formation (Silty Facies Member),USA,Sinemurian,35.8689,0.6452784,8.780939999999998,4.228167145
Scutellosaurus_lawleri,51894,Kayenta Formation (Silty Facies Member),USA,Sinemurian,35.8689,0.6452784,8.780939999999998,4.228167145
Guaibasaurus_candelariensis,51954,Caturrita Formation (Riograndia assemblage zone),Brazil,Norian,21.90567,0.4976698,47.317808,0.4333990000000001
Guaibasaurus_candelariensis,51954,Caturrita Formation (Riograndia assemblage zone),Brazil,Norian,21.90567,0.4976698,47.317808,0.4333990000000001
Thecodontosaurus_antiquus,51970,Magnesian Conglomerate Formation,UK,Rhaetian,30.68597,1.048693,39.49496,3.467053700000001
Thecodontosaurus_antiquus,51970,Magnesian Conglomerate Formation,UK,Rhaetian,30.68597,1.048693,39.49496,3.467053700000001
Gongxianosaurus_shibeiensis,51980,Ziliujing Formation (Dongyuemiao Member),China,Toarcian,16.61575,3.940183,40.977875999999995,6.260363000000002
Gongxianosaurus_shibeiensis,51980,Ziliujing Formation (Dongyuemiao Member),China,Toarcian,16.61575,3.940183,40.977875999999995,6.260363000000002
Coloradisaurus_brevis,52014,Los Colorados Formation (Agua de la Peña Group),Argentina,Norian,21.26407,0.3352539,37.450503,1.1838146
Coloradisaurus_brevis,52014,Los Colorados Formation (Agua de la Peña Group),Argentina,Norian,21.26407,0.3352539,37.450503,1.1838146
Mussaurus_patagonicus,52015,Laguna Colorada Formation,Argentina,Norian,10.79044,1.406663,28.003056,6.6756062
Mussaurus_patagonicus,52015,Laguna Colorada Formation,Argentina,Norian,10.79044,1.406663,28.003056,6.6756062
Riojasaurus_incertus,52032,Los Colorados Formation (Agua de la Peña Group),Argentina,Norian,21.26407,0.3352539,37.450503,1.1838146
Riojasaurus_incertus,52032,Los Colorados Formation (Agua de la Peña Group),Argentina,Norian,21.26407,0.3352539,37.450503,1.1838146
Chindesaurus_bryansmalli,52495,Chinle Formation (Petrified Forest Member),USA,Norian,36.03503,0.5133756,4.386900000000004,3.74828659
Chindesaurus_bryansmalli,52495,Chinle Formation (Petrified Forest Member),USA,Norian,36.03503,0.5133756,4.386900000000004,3.74828659
Chindesaurus_bryansmalli,52496,Chinle Formation (Petrified Forest Member),USA,Norian,34.07892,0.7038454,3.77664,4.87227172
Chindesaurus_bryansmalli,52496,Chinle Formation (Petrified Forest Member),USA,Norian,34.07892,0.7038454,3.77664,4.87227172
Chindesaurus_bryansmalli,52497,Chinle Formation (Petrified Forest Member),USA,Norian,36.03503,0.5133756,4.386900000000004,3.74828659
Chindesaurus_bryansmalli,52497,Chinle Formation (Petrified Forest Member),USA,Norian,36.03503,0.5133756,4.386900000000004,3.74828659
Coelophysis_bauri,52498,Chinle Formation (Siltstone and Petrified Forest Members),USA,Norian,36.03503,0.5133756,4.386900000000004,3.74828659
Coelophysis_bauri,52498,Chinle Formation (Siltstone and Petrified Forest Members),USA,Norian,36.03503,0.5133756,4.386900000000004,3.74828659
Coelophysis_bauri,52498,Chinle Formation (Siltstone and Petrified Forest Members),USA,Norian,36.03503,0.5133756,4.386900000000004,3.74828659
Coelophysis_bauri,52498,Chinle Formation (Siltstone and Petrified Forest Members),USA,Norian,36.03503,0.5133756,4.386900000000004,3.74828659
Coelophysis_bauri,52498,Chinle Formation (Siltstone and Petrified Forest Members),USA,Norian,36.03503,0.5133756,4.386900000000004,3.74828659
Coelophysis_bauri,52498,Chinle Formation (Siltstone and Petrified Forest Members),USA,Norian,36.03503,0.5133756,4.386900000000004,3.74828659
Herrerasaurus_ischigualastensis,52740,"Ischigualasto Formation (Cancha de Bochas Member, Scaphonyx-Exaeretodon-Herrerasaurus other zone)",Argentina,Carnian,22.08206,1.042526,44.968814,3.8588599
Herrerasaurus_ischigualastensis,52740,"Ischigualasto Formation (Cancha de Bochas Member, Scaphonyx-Exaeretodon-Herrerasaurus other zone)",Argentina,Carnian,22.08206,1.042526,44.968814,3.8588599
Herrerasaurus_ischigualastensis,52741,"Ischigualasto Formation (Cancha de Bochas Member, Scaphonyx-Exaeretodon-Herrerasaurus other zone)",Argentina,Carnian,22.08206,1.042526,44.968814,3.8588599
Herrerasaurus_ischigualastensis,52741,"Ischigualasto Formation (Cancha de Bochas Member, Scaphonyx-Exaeretodon-Herrerasaurus other zone)",Argentina,Carnian,22.08206,1.042526,44.968814,3.8588599
Herrerasaurus_ischigualastensis,52742,"Ischigualasto Formation (Cancha de Bochas Member, Scaphonyx-Exaeretodon-Herrerasaurus other zone)",Argentina,Carnian,22.08206,1.042526,44.968814,3.8588599
Herrerasaurus_ischigualastensis,52743,"Ischigualasto Formation (Cancha de Bochas Member, Scaphonyx-Exaeretodon-Herrerasaurus other zone)",Argentina,Carnian,22.08206,1.042526,44.968814,3.8588599
Herrerasaurus_ischigualastensis,52744,"Ischigualasto Formation (Cancha de Bochas Member, Scaphonyx-Exaeretodon-Herrerasaurus other zone)",Argentina,Carnian,22.08206,1.042526,44.968814,3.8588599
Herrerasaurus_ischigualastensis,52745,"Ischigualasto Formation (Cancha de Bochas Member, Scaphonyx-Exaeretodon-Herrerasaurus other zone)",Argentina,Carnian,22.08206,1.042526,44.968814,3.8588599
Herrerasaurus_ischigualastensis,52745,"Ischigualasto Formation (Cancha de Bochas Member, Scaphonyx-Exaeretodon-Herrerasaurus other zone)",Argentina,Carnian,22.08206,1.042526,44.968814,3.8588599
Herrerasaurus_ischigualastensis,52746,"Ischigualasto Formation (Cancha de Bochas Member, Scaphonyx-Exaeretodon-Herrerasaurus other zone)",Argentina,Carnian,22.08206,1.042526,44.968814,3.8588599
Herrerasaurus_ischigualastensis,52746,"Ischigualasto Formation (Cancha de Bochas Member, Scaphonyx-Exaeretodon-Herrerasaurus other zone)",Argentina,Carnian,22.08206,1.042526,44.968814,3.8588599
Herrerasaurus_ischigualastensis,52907,"Ischigualasto Formation (Cancha de Bochas Member, Scaphonyx-Exaeretodon-Herrerasaurus other zone)",Argentina,Carnian,22.08206,1.042526,44.968814,3.8588599
Eucoelophysis_baldwini,54007,Chinle Formation (Petrified Forest Member),USA,Norian,35.86569,0.7302114,4.4039,5.16066753
Eucoelophysis_baldwini,54007,Chinle Formation (Petrified Forest Member),USA,Norian,35.86569,0.7302114,4.4039,5.16066753
Coelophysis_bauri,54167,Chinle Formation (Siltstone and Petrified Forest Members),USA,Norian,36.03503,0.5133756,4.386900000000004,3.74828659
Coelophysis_bauri,54167,Chinle Formation (Siltstone and Petrified Forest Members),USA,Norian,36.03503,0.5133756,4.386900000000004,3.74828659
Coelophysis_bauri,54168,Chinle Formation (Siltstone and Petrified Forest Members),USA,Norian,35.86569,0.7302114,4.4039,5.16066753
Coelophysis_bauri,54168,Chinle Formation (Siltstone and Petrified Forest Members),USA,Norian,35.86569,0.7302114,4.4039,5.16066753
Lesothosaurus_diagnosticus,48391,Elliot Formation (Upper),Lesotho,Hettangian,19.7674,0.2783161,47.176541,0.7291392999999999
Lesothosaurus_diagnosticus,48391,Elliot Formation (Upper),Lesotho,Hettangian,19.7674,0.2783161,47.176541,0.7291392999999999
Sacisaurus_agudoensis,55442,Caturrita Formation (Riograndia assemblage zone),Brazil,Norian,21.90567,0.4976698,47.317808,0.4333990000000001
Sacisaurus_agudoensis,55442,Caturrita Formation (Riograndia assemblage zone),Brazil,Norian,21.90567,0.4976698,47.317808,0.4333990000000001
Guaibasaurus_candelariensis,55446,Caturrita Formation (Riograndia assemblage zone),Brazil,Norian,21.90567,0.4976698,47.317808,0.4333990000000001
Guaibasaurus_candelariensis,55446,Caturrita Formation (Riograndia assemblage zone),Brazil,Norian,21.90567,0.4976698,47.317808,0.4333990000000001
Tazoudasaurus_naimi,56129,Toundoute Group,Morocco,Pliensbachian,29.09702,1.311163,22.56635,8.453679000000001
Tazoudasaurus_naimi,56129,Toundoute Group,Morocco,Pliensbachian,29.09702,1.311163,22.56635,8.453679000000001
Tazoudasaurus_naimi,56130,Toundoute Group,Morocco,Pliensbachian,29.09702,1.311163,22.56635,8.453679000000001
Tazoudasaurus_naimi,56130,Toundoute Group,Morocco,Pliensbachian,29.09702,1.311163,22.56635,8.453679000000001
Berberosaurus_liassicus,56130,Toundoute Group,Morocco,Pliensbachian,29.09702,1.311163,22.56635,8.453679000000001
Berberosaurus_liassicus,56130,Toundoute Group,Morocco,Pliensbachian,29.09702,1.311163,22.56635,8.453679000000001
Lessemsaurus_sauropoides,56156,Los Colorados Formation (Coloradian other zone),Argentina,Norian,21.26407,0.3352539,37.450503,1.1838146
Lessemsaurus_sauropoides,56156,Los Colorados Formation (Coloradian other zone),Argentina,Norian,21.26407,0.3352539,37.450503,1.1838146
Saturnalia_tupiniquim,56188,"Santa Maria Formation (Alemoa Member, Hyperodapedon other zone)",Brazil,Carnian,20.94003,0.6687132,49.524597,1.6672589999999998
Saturnalia_tupiniquim,56188,"Santa Maria Formation (Alemoa Member, Hyperodapedon other zone)",Brazil,Carnian,20.94003,0.6687132,49.524597,1.6672589999999998
Chindesaurus_bryansmalli,57685,Chinle Formation (Petrified Forest Member),USA,Norian,34.07892,0.7038454,3.77664,4.87227172
Chindesaurus_bryansmalli,57685,Chinle Formation (Petrified Forest Member),USA,Norian,34.07892,0.7038454,3.77664,4.87227172
Saltopus_elginensis,57948,Lossiemouth Sandstone Formation,UK,Carnian,30.67429,0.3994021,35.15863,1.925196
Saltopus_elginensis,57948,Lossiemouth Sandstone Formation,UK,Carnian,30.67429,0.3994021,35.15863,1.925196
Thecodontosaurus_antiquus,57975,Magnesian Conglomerate Formation,UK,Rhaetian,30.68597,1.048693,39.49496,3.467053700000001
Thecodontosaurus_antiquus,57975,Magnesian Conglomerate Formation,UK,Rhaetian,30.68597,1.048693,39.49496,3.467053700000001
Riojasaurus_incertus,58569,Los Colorados Formation (Agua de la Peña Group),Argentina,Norian,21.26407,0.3352539,37.450503,1.1838146
Riojasaurus_incertus,58569,Los Colorados Formation (Agua de la Peña Group),Argentina,Norian,21.26407,0.3352539,37.450503,1.1838146
Meroktenos_thabanensis,59291,Elliot Formation (Lower),South Africa,Norian,14.16898,0.6965679,44.745332000000005,3.1775231
Meroktenos_thabanensis,59291,Elliot Formation (Lower),South Africa,Norian,14.16898,0.6965679,44.745332000000005,3.1775231
Heterodontosaurus_tucki,59339,Clarens Formation and Elliot Formation (Upper),South Africa,Hettangian,19.7674,0.2783161,47.176541,0.7291392999999999
Lufengosaurus_huenei,49776,"Lufeng Formation (Shawan Member), Zhenzhuchong Formation",China,Hettangian,12.59045,2.152691,62.44298,6.0857849999999996
Lufengosaurus_huenei,59352,"Lufeng Formation (Shawan Member), Zhenzhuchong Formation",China,Hettangian,12.59045,2.152691,62.44298,6.0857849999999996
Lufengosaurus_huenei,59348,"Lufeng Formation (Shawan Member), Zhenzhuchong Formation",China,Hettangian,12.59045,2.152691,62.44298,6.0857849999999996
Lagerpeton_chanarensis,60297,Chañares Formation (Massetognathus–Chanaresuchus zone),Argentina,Carnian,22.08206,1.042526,44.968814,3.8588599
Lagerpeton_chanarensis,60297,Chañares Formation (Massetognathus–Chanaresuchus zone),Argentina,Carnian,22.08206,1.042526,44.968814,3.8588599
Silesaurus_opolensis,61449,Drawno Beds,Poland,Carnian,29.42221,0.7071899,36.89884,2.138382
Silesaurus_opolensis,61449,Drawno Beds,Poland,Carnian,29.42221,0.7071899,36.89884,2.138382
Silesaurus_opolensis,61448,Drawno Beds,Poland,Carnian,29.42221,0.7071899,36.89884,2.138382
Silesaurus_opolensis,61448,Drawno Beds,Poland,Carnian,29.42221,0.7071899,36.89884,2.138382
Sinosaurus_triassicus,66926,Lufeng Formation (Zhangjiawa and Shawan Members),China,Hettangian,12.59045,2.152691,62.44298,6.0857849999999996
Lufengosaurus_huenei,66926,"Lufeng Formation (Shawan Member), Zhenzhuchong Formation",China,Hettangian,12.59045,2.152691,62.44298,6.0857849999999996
Lufengosaurus_huenei,66926,"Lufeng Formation (Shawan Member), Zhenzhuchong Formation",China,Hettangian,12.59045,2.152691,62.44298,6.0857849999999996
Lufengosaurus_huenei,66926,"Lufeng Formation (Shawan Member), Zhenzhuchong Formation",China,Hettangian,12.59045,2.152691,62.44298,6.0857849999999996
Yunnanosaurus_huangi,66926,Lufeng Formation (Zhangjiawa and Shawan Members),China,Hettangian,12.59045,2.152691,62.44298,6.0857849999999996
Efraasia_minor,47800,Löwenstein Formation (Lower Stubensandstein Member),Germany,Norian,27.76358,1.370686,34.94238,3.219998
Efraasia_minor,47800,Löwenstein Formation (Lower Stubensandstein Member),Germany,Norian,27.76358,1.370686,34.94238,3.219998
Efraasia_minor,47800,Löwenstein Formation (Lower Stubensandstein Member),Germany,Norian,27.76358,1.370686,34.94238,3.219998
Efraasia_minor,47800,Löwenstein Formation (Lower Stubensandstein Member),Germany,Norian,27.76358,1.370686,34.94238,3.219998
Efraasia_minor,47800,Löwenstein Formation (Lower Stubensandstein Member),Germany,Norian,27.76358,1.370686,34.94238,3.219998
Efraasia_minor,47800,Löwenstein Formation (Lower Stubensandstein Member),Germany,Norian,27.76358,1.370686,34.94238,3.219998
Plateosaurus_gracilis,47785,Löwenstein Formation (Middle Stubensandstein Member),Germany,Norian,27.76358,1.370686,34.94238,3.219998
Plateosaurus_gracilis,47785,Löwenstein Formation (Middle Stubensandstein Member),Germany,Norian,27.76358,1.370686,34.94238,3.219998
Plateosaurus_gracilis,68038,Löwenstein Formation (Middle Stubensandstein Member),Germany,Norian,28.90005,1.000406,31.029360000000004,3.30474
Plateosaurus_gracilis,68038,Löwenstein Formation (Middle Stubensandstein Member),Germany,Norian,28.90005,1.000406,31.029360000000004,3.30474
Plateosaurus_gracilis,47785,Löwenstein Formation (Middle Stubensandstein Member),Germany,Norian,27.76358,1.370686,34.94238,3.219998
Plateosaurus_gracilis,47785,Löwenstein Formation (Middle Stubensandstein Member),Germany,Norian,27.76358,1.370686,34.94238,3.219998
Dilophosaurus_wetherilli,35250,Kayenta Formation (Silty Facies Member and Glen Canyon Group),USA,Sinemurian,35.8689,0.6452784,8.780939999999998,4.228167145
Dilophosaurus_wetherilli,35250,Kayenta Formation (Silty Facies Member and Glen Canyon Group),USA,Sinemurian,35.8689,0.6452784,8.780939999999998,4.228167145
Abrictosaurus_consors,69695,Elliot Formation (Upper),Lesotho,Hettangian,16.79559,0.804966,43.472225,1.890259
Abrictosaurus_consors,69695,Elliot Formation (Upper),Lesotho,Hettangian,16.79559,0.804966,43.472225,1.890259
Lycorhinus_angustidens,69696,Elliot Formation (Upper),South Africa,Hettangian,16.79559,0.804966,43.472225,1.890259
Lycorhinus_angustidens,69696,Elliot Formation (Upper),South Africa,Hettangian,16.79559,0.804966,43.472225,1.890259
Lycorhinus_angustidens,36669,Elliot Formation (Upper),South Africa,Hettangian,16.79559,0.804966,43.472225,1.890259
Lycorhinus_angustidens,36669,Elliot Formation (Upper),South Africa,Hettangian,16.79559,0.804966,43.472225,1.890259
Sarcosaurus_woodi,71400,Blue Lias Formation (bucklandi ammonoid zone),UK,Sinemurian,21.18372,2.472701,36.896939,5.447898
Sarcosaurus_woodi,71400,Blue Lias Formation (bucklandi ammonoid zone),UK,Sinemurian,21.18372,2.472701,36.896939,5.447898
Sarcosaurus_woodi,71401,Blue Lias Formation (bucklandi ammonoid zone),UK,Sinemurian,21.18372,2.472701,36.896939,5.447898
Sarcosaurus_woodi,71401,Blue Lias Formation (bucklandi ammonoid zone),UK,Sinemurian,21.18372,2.472701,36.896939,5.447898
Lufengosaurus_huenei,71802,"Lufeng Formation (Shawan Member), Zhenzhuchong Formation",China,Hettangian,12.59045,2.152691,62.44298,6.0857849999999996
Lufengosaurus_huenei,71803,"Lufeng Formation (Shawan Member), Zhenzhuchong Formation",China,Hettangian,12.59045,2.152691,62.44298,6.0857849999999996
Lufengosaurus_huenei,71803,"Lufeng Formation (Shawan Member), Zhenzhuchong Formation",China,Hettangian,12.59045,2.152691,62.44298,6.0857849999999996
Lufengosaurus_huenei,71802,"Lufeng Formation (Shawan Member), Zhenzhuchong Formation",China,Hettangian,12.59045,2.152691,62.44298,6.0857849999999996
Sinosaurus_triassicus,71907,Lufeng Formation (Zhangjiawa and Shawan Members),China,Hettangian,12.59045,2.152691,62.44298,6.0857849999999996
Sinosaurus_triassicus,71907,Lufeng Formation (Zhangjiawa and Shawan Members),China,Hettangian,12.59045,2.152691,62.44298,6.0857849999999996
Eocursor_parvus,73887,Elliot Formation (Upper),South Africa,Hettangian,19.7674,0.2783161,47.176541,0.7291392999999999
Eocursor_parvus,73887,Elliot Formation (Upper),South Africa,Hettangian,19.7674,0.2783161,47.176541,0.7291392999999999
Dromomeron_romeri,62311,"Chinle Formation (Petrified Forest Member), Cooper Canyon Formation, Chinle Formation (Owl Creek Member)",USA,Norian,35.86569,0.7302114,4.4039,5.16066753
Dromomeron_romeri,62311,"Chinle Formation (Petrified Forest Member), Cooper Canyon Formation, Chinle Formation (Owl Creek Member)",USA,Norian,35.86569,0.7302114,4.4039,5.16066753
Dromomeron_romeri,74202,"Chinle Formation (Petrified Forest Member), Cooper Canyon Formation, Chinle Formation (Owl Creek Member)",USA,Norian,35.86569,0.7302114,4.4039,5.16066753
Dromomeron_romeri,74202,"Chinle Formation (Petrified Forest Member), Cooper Canyon Formation, Chinle Formation (Owl Creek Member)",USA,Norian,35.86569,0.7302114,4.4039,5.16066753
Chindesaurus_bryansmalli,74202,Chinle Formation (Petrified Forest Member),USA,Norian,35.86569,0.7302114,4.4039,5.16066753
Chindesaurus_bryansmalli,74202,Chinle Formation (Petrified Forest Member),USA,Norian,35.86569,0.7302114,4.4039,5.16066753
Dracovenator_regenti,75177,Elliot Formation (Upper),South Africa,Hettangian,19.7674,0.2783161,47.176541,0.7291392999999999
Dracovenator_regenti,75177,Elliot Formation (Upper),South Africa,Hettangian,19.7674,0.2783161,47.176541,0.7291392999999999
Plateosaurus_gracilis,47800,Löwenstein Formation (Middle Stubensandstein Member),Germany,Norian,27.76358,1.370686,34.94238,3.219998
Plateosaurus_gracilis,47800,Löwenstein Formation (Middle Stubensandstein Member),Germany,Norian,27.76358,1.370686,34.94238,3.219998
Plateosaurus_engelhardti,75758,"Trossingen Formation (Feuerletten Member), Marnes irisées supérieures Formation,  Löwenstein Formation","France, Germany, Switzerland",Norian,25.68661,1.875858,35.570497,3.5379199999999997
Plateosaurus_engelhardti,75758,"Trossingen Formation (Feuerletten Member), Marnes irisées supérieures Formation,  Löwenstein Formation","France, Germany, Switzerland",Norian,25.68661,1.875858,35.570497,3.5379199999999997
Aardonyx_celestae,47031,Elliot Formation (Upper),South Africa,Hettangian,22.19666,0.2424241,47.7548804,0.5799683
Aardonyx_celestae,47031,Elliot Formation (Upper),South Africa,Hettangian,22.19666,0.2424241,47.7548804,0.5799683
Pulanesaura_eocollum,76191,Elliot Formation (Upper),South Africa,Hettangian,22.19666,0.2424241,47.7548804,0.5799683
Pulanesaura_eocollum,76191,Elliot Formation (Upper),South Africa,Hettangian,22.19666,0.2424241,47.7548804,0.5799683
Thecodontosaurus_antiquus,46889,Magnesian Conglomerate Formation,UK,Rhaetian,30.68597,1.048693,39.49496,3.467053700000001
Thecodontosaurus_antiquus,46889,Magnesian Conglomerate Formation,UK,Rhaetian,30.68597,1.048693,39.49496,3.467053700000001
Massospondylus_carinatus,77055,"Elliot Formation (Upper), Forest Sandstone Formation, Clarens Formation",South Africa and Zimbabwe,Hettangian,19.7674,0.2783161,47.176541,0.7291392999999999
Massospondylus_carinatus,77055,"Elliot Formation (Upper), Forest Sandstone Formation, Clarens Formation",South Africa and Zimbabwe,Hettangian,19.7674,0.2783161,47.176541,0.7291392999999999
Procompsognathus_triassicus,47800,Löwenstein Formation,Germany,Norian,27.76358,1.370686,34.94238,3.219998
Procompsognathus_triassicus,47800,Löwenstein Formation,Germany,Norian,27.76358,1.370686,34.94238,3.219998
Lufengosaurus_huenei,72091,"Lufeng Formation (Shawan Member), Zhenzhuchong Formation",China,Hettangian,12.59045,2.152691,62.44298,6.0857849999999996
Lufengosaurus_huenei,72091,"Lufeng Formation (Shawan Member), Zhenzhuchong Formation",China,Hettangian,12.59045,2.152691,62.44298,6.0857849999999996
Lufengosaurus_huenei,72091,"Lufeng Formation (Shawan Member), Zhenzhuchong Formation",China,Hettangian,12.59045,2.152691,62.44298,6.0857849999999996
Lufengosaurus_huenei,72091,"Lufeng Formation (Shawan Member), Zhenzhuchong Formation",China,Hettangian,12.59045,2.152691,62.44298,6.0857849999999996
Yunnanosaurus_huangi,72091,Lufeng Formation (Zhangjiawa and Shawan Members),China,Hettangian,12.59045,2.152691,62.44298,6.0857849999999996
Sinosaurus_triassicus,72091,Lufeng Formation (Zhangjiawa and Shawan Members),China,Hettangian,12.59045,2.152691,62.44298,6.0857849999999996
Lufengosaurus_huenei,78993,"Lufeng Formation (Shawan Member), Zhenzhuchong Formation",China,Hettangian,12.59045,2.152691,62.44298,6.0857849999999996
Lufengosaurus_huenei,78993,"Lufeng Formation (Shawan Member), Zhenzhuchong Formation",China,Hettangian,12.59045,2.152691,62.44298,6.0857849999999996
Lufengosaurus_huenei,78993,"Lufeng Formation (Shawan Member), Zhenzhuchong Formation",China,Hettangian,12.59045,2.152691,62.44298,6.0857849999999996
Yunnanosaurus_huangi,78993,Lufeng Formation (Zhangjiawa and Shawan Members),China,Hettangian,12.59045,2.152691,62.44298,6.0857849999999996
Sinosaurus_triassicus,78993,Lufeng Formation (Zhangjiawa and Shawan Members),China,Hettangian,12.59045,2.152691,62.44298,6.0857849999999996
Lufengosaurus_huenei,78994,"Lufeng Formation (Shawan Member), Zhenzhuchong Formation",China,Hettangian,12.59045,2.152691,62.44298,6.0857849999999996
Scelidosaurus_harrisonii,84559,Charmouth Mudstone Formation,UK,Sinemurian,23.3205,1.831578,35.734563,4.759368
Scelidosaurus_harrisonii,84559,Charmouth Mudstone Formation,UK,Sinemurian,23.3205,1.831578,35.734563,4.759368
Heterodontosaurus_tucki,85486,Clarens Formation and Elliot Formation (Upper),South Africa,Hettangian,19.7674,0.2783161,47.176541,0.7291392999999999
Heterodontosaurus_tucki,85486,Clarens Formation and Elliot Formation (Upper),South Africa,Hettangian,19.7674,0.2783161,47.176541,0.7291392999999999
Panphagia_protos,87090,"Ischigualasto Formation (La Peña Member, Scaphonyx-Exaeretodon-Herrerasaurus biozone)",Argentina,Carnian,22.08206,1.042526,44.968814,3.8588599
Panphagia_protos,87090,"Ischigualasto Formation (La Peña Member, Scaphonyx-Exaeretodon-Herrerasaurus biozone)",Argentina,Carnian,22.08206,1.042526,44.968814,3.8588599
Dromomeron_romeri,52498,"Chinle Formation (Petrified Forest Member), Cooper Canyon Formation, Chinle Formation (Owl Creek Member)",USA,Norian,36.03503,0.5133756,4.386900000000004,3.74828659
Dromomeron_romeri,52498,"Chinle Formation (Petrified Forest Member), Cooper Canyon Formation, Chinle Formation (Owl Creek Member)",USA,Norian,36.03503,0.5133756,4.386900000000004,3.74828659
Dromomeron_gregorii,39160,"Colorado City Formation,  Cooper Canyon Formation, Chinle Formation (Sonsela Member)",USA,Norian,34.07892,0.7038454,3.77664,4.87227172
Dromomeron_gregorii,39160,"Colorado City Formation,  Cooper Canyon Formation, Chinle Formation (Sonsela Member)",USA,Norian,34.07892,0.7038454,3.77664,4.87227172
Dromomeron_gregorii,22706,"Colorado City Formation,  Cooper Canyon Formation, Chinle Formation (Sonsela Member)",USA,Norian,35.04388,0.8209236,5.324160000000003,5.15831674
Dromomeron_gregorii,22706,"Colorado City Formation,  Cooper Canyon Formation, Chinle Formation (Sonsela Member)",USA,Norian,35.04388,0.8209236,5.324160000000003,5.15831674
Tawa_hallae,74202,Chinle Formation (Petrified Forest Member),USA,Norian,35.86569,0.7302114,4.4039,5.16066753
Tawa_hallae,74202,Chinle Formation (Petrified Forest Member),USA,Norian,35.86569,0.7302114,4.4039,5.16066753
Tawa_hallae,92938,Chinle Formation (Petrified Forest Member),USA,Norian,35.86569,0.7302114,4.4039,5.16066753
Tawa_hallae,92938,Chinle Formation (Petrified Forest Member),USA,Norian,35.86569,0.7302114,4.4039,5.16066753
Tawa_hallae,92939,Chinle Formation (Petrified Forest Member),USA,Norian,35.86569,0.7302114,4.4039,5.16066753
Tawa_hallae,92939,Chinle Formation (Petrified Forest Member),USA,Norian,35.86569,0.7302114,4.4039,5.16066753
Lufengosaurus_huenei,94783,"Lufeng Formation (Shawan Member), Zhenzhuchong Formation",China,Hettangian,17.87299,2.29851,54.29929,3.388475999999999
Seitaad_ruessi,94804,Navajo Sandstone Formation,USA,Pliensbachian,28.94113,1.911057,20.129490000000004,12.167373913
Seitaad_ruessi,94804,Navajo Sandstone Formation,USA,Pliensbachian,28.94113,1.911057,20.129490000000004,12.167373913
Barapasaurus_tagorei,97447,Kota Formation (Lower),India,Sinemurian,29.13507,4.253777,12.34161,17.564057000000002
Barapasaurus_tagorei,97447,Kota Formation (Lower),India,Sinemurian,29.13507,4.253777,12.34161,17.564057000000002
Sarahsaurus_aurifontanalis,98597,Kayenta Formation (Silty Facies Member),USA,Sinemurian,35.8689,0.6452784,8.780939999999998,4.228167145
Sanjuansaurus_gordilloi,98905,"Ischigualasto Formation (La Peña Member, Scaphonyx-Exaeretodon-Herrerasaurus biozone)",Argentina,Carnian,22.08206,1.042526,44.968814,3.8588599
Sanjuansaurus_gordilloi,98905,"Ischigualasto Formation (La Peña Member, Scaphonyx-Exaeretodon-Herrerasaurus biozone)",Argentina,Carnian,22.08206,1.042526,44.968814,3.8588599
Staurikosaurus_pricei,72090,"Santa Maria Formation (Alemoa Member, Rhynchocephalian (Scaphonyx) Assemblage Zone)",Brazil,Carnian,20.94003,0.6687132,49.524597,1.6672589999999998
Staurikosaurus_pricei,72090,"Santa Maria Formation (Alemoa Member, Rhynchocephalian (Scaphonyx) Assemblage Zone)",Brazil,Carnian,20.94003,0.6687132,49.524597,1.6672589999999998
Ignavusaurus_rachelis,99624,Elliot Formation (Upper),Lesotho,Hettangian,16.79559,0.804966,43.472225,1.890259
Ignavusaurus_rachelis,99624,Elliot Formation (Upper),Lesotho,Hettangian,16.79559,0.804966,43.472225,1.890259
Jingshanosaurus_xinwaensis,101071,Lufeng Formation (Shawan Member),China,Hettangian,12.59045,2.152691,62.44298,6.0857849999999996
Jingshanosaurus_xinwaensis,101071,Lufeng Formation (Shawan Member),China,Hettangian,12.59045,2.152691,62.44298,6.0857849999999996
Eodromaeus_murphi,102380,"Ischigualasto Formation (Valle de la Luna Member, Scaphonyx-Exaeretodon-Herrerasaurus biozone)",Argentina,Carnian,22.08206,1.042526,44.968814,3.8588599
Eodromaeus_murphi,102380,"Ischigualasto Formation (Valle de la Luna Member, Scaphonyx-Exaeretodon-Herrerasaurus biozone)",Argentina,Carnian,22.08206,1.042526,44.968814,3.8588599
Leonerasaurus_taquetrensis,103445,Las Leoneras Formation (Upper),Argentina,Sinemurian,15.02945,1.444313,25.278293,6.8000527
Leonerasaurus_taquetrensis,103445,Las Leoneras Formation (Upper),Argentina,Sinemurian,5.427155,0,5.659302,0
Marasuchus_lilloensis,13003,Chañares Formation (Massetognathus–Chanaresuchus zone),Argentina,Carnian,22.08206,1.042526,44.968814,3.8588599
Marasuchus_lilloensis,13003,Chañares Formation (Massetognathus–Chanaresuchus zone),Argentina,Carnian,22.08206,1.042526,44.968814,3.8588599
Lagerpeton_chanarensis,105535,Chañares Formation (Massetognathus–Chanaresuchus zone),Argentina,Carnian,22.08206,1.042526,44.968814,3.8588599
Lagerpeton_chanarensis,105535,Chañares Formation (Massetognathus–Chanaresuchus zone),Argentina,Carnian,22.08206,1.042526,44.968814,3.8588599
Plateosaurus_gracilis,105831,Löwenstein Formation (Middle Stubensandstein Member),Germany,Norian,28.90005,1.000406,31.029360000000004,3.30474
Plateosaurus_gracilis,105831,Löwenstein Formation (Middle Stubensandstein Member),Germany,Norian,28.90005,1.000406,31.029360000000004,3.30474
Daemonosaurus_chauliodus,48422,Chinle Formation (Siltstone Member),USA,Norian,35.86569,0.7302114,4.4039,5.16066753
Manidens_condorensis,67434,Cañadón Asfalto Formation,Argentina,Toarcian,15.38562,1.048869,38.0774561,4.0168005
Manidens_condorensis,67434,Cañadón Asfalto Formation,Argentina,Toarcian,15.38562,1.048869,38.0774561,4.0168005
Diodorus_scytobrachion,118012,Timezgadiouine Formation,Morocco,Carnian,35.27338,1.797081,6.045620000000003,11.13415346
Diodorus_scytobrachion,118012,Timezgadiouine Formation,Morocco,Carnian,35.27338,1.797081,6.045620000000003,11.13415346
Chromogisaurus_novasi,131436,"Ischigualasto Formation (Cancha de Bochas Member, Scaphonyx-Exaeretodon-Herrerasaurus other zone)",Argentina,Carnian,22.08206,1.042526,44.968814,3.8588599
Chromogisaurus_novasi,131436,"Ischigualasto Formation (Cancha de Bochas Member, Scaphonyx-Exaeretodon-Herrerasaurus other zone)",Argentina,Carnian,22.08206,1.042526,44.968814,3.8588599
Leyesaurus_marayensis,131450,Quebrada del Barro Formation,Argentina,Norian,18.24973,1.142106,33.075625,6.0775099
Leyesaurus_marayensis,131450,Quebrada del Barro Formation,Argentina,Norian,6.751678,0,5.252323999999999,0
Pegomastax_africanus,85486,Elliot Formation (Upper),South Africa,Hettangian,19.7674,0.2783161,47.176541,0.7291392999999999
Pegomastax_africanus,85486,Elliot Formation (Upper),South Africa,Hettangian,19.7674,0.2783161,47.176541,0.7291392999999999
Heterodontosaurus_tucki,49394,Clarens Formation and Elliot Formation (Upper),South Africa,Hettangian,19.7674,0.2783161,47.176541,0.7291392999999999
Heterodontosaurus_tucki,49394,Clarens Formation and Elliot Formation (Upper),South Africa,Hettangian,19.7674,0.2783161,47.176541,0.7291392999999999
Yunnanosaurus_huangi,49501,Lufeng Formation (Zhangjiawa and Shawan Members),China,Hettangian,12.59045,2.152691,62.44298,6.0857849999999996
Yunnanosaurus_huangi,49501,Lufeng Formation (Zhangjiawa and Shawan Members),China,Hettangian,12.59045,2.152691,62.44298,6.0857849999999996
Sinosaurus_triassicus,49501,Lufeng Formation (Zhangjiawa and Shawan Members),China,Hettangian,12.59045,2.152691,62.44298,6.0857849999999996
Sinosaurus_triassicus,49501,Lufeng Formation (Zhangjiawa and Shawan Members),China,Hettangian,12.59045,2.152691,62.44298,6.0857849999999996
Lufengosaurus_huenei,49501,"Lufeng Formation (Shawan Member), Zhenzhuchong Formation",China,Hettangian,12.59045,2.152691,62.44298,6.0857849999999996
Lufengosaurus_huenei,49501,"Lufeng Formation (Shawan Member), Zhenzhuchong Formation",China,Hettangian,12.59045,2.152691,62.44298,6.0857849999999996
Sinosaurus_triassicus,49773,Lufeng Formation (Zhangjiawa and Shawan Members),China,Hettangian,12.59045,2.152691,62.44298,6.0857849999999996
Sinosaurus_triassicus,71803,Lufeng Formation (Zhangjiawa and Shawan Members),China,Hettangian,12.59045,2.152691,62.44298,6.0857849999999996
Sinosaurus_triassicus,71803,Lufeng Formation (Zhangjiawa and Shawan Members),China,Hettangian,12.59045,2.152691,62.44298,6.0857849999999996
Lufengosaurus_huenei,59348,"Lufeng Formation (Shawan Member), Zhenzhuchong Formation",China,Hettangian,12.59045,2.152691,62.44298,6.0857849999999996
Sinosaurus_triassicus,49773,Lufeng Formation (Zhangjiawa and Shawan Members),China,Hettangian,12.59045,2.152691,62.44298,6.0857849999999996
Yunnanosaurus_huangi,49773,Lufeng Formation (Zhangjiawa and Shawan Members),China,Hettangian,12.59045,2.152691,62.44298,6.0857849999999996
Yunnanosaurus_huangi,49503,Lufeng Formation (Zhangjiawa and Shawan Members),China,Hettangian,12.59045,2.152691,62.44298,6.0857849999999996
Yunnanosaurus_huangi,49503,Lufeng Formation (Zhangjiawa and Shawan Members),China,Hettangian,12.59045,2.152691,62.44298,6.0857849999999996
Yunnanosaurus_huangi,47081,Lufeng Formation (Zhangjiawa and Shawan Members),China,Hettangian,11.49557,3.752792,51.96543,9.166032
Sinosaurus_triassicus,59348,Lufeng Formation (Zhangjiawa and Shawan Members),China,Hettangian,12.59045,2.152691,62.44298,6.0857849999999996
Sinosaurus_triassicus,49775,Lufeng Formation (Zhangjiawa and Shawan Members),China,Hettangian,12.59045,2.152691,62.44298,6.0857849999999996
Coloradisaurus_brevis,52032,Los Colorados Formation (Agua de la Peña Group),Argentina,Norian,21.26407,0.3352539,37.450503,1.1838146
Coloradisaurus_brevis,52032,Los Colorados Formation (Agua de la Peña Group),Argentina,Norian,21.26407,0.3352539,37.450503,1.1838146
Laquintasaura_venezuelae,159703,La Quinta Formation,Venezuela,Hettangian,39.13739,0.236335,10.579260000000003,1.181562029
Laquintasaura_venezuelae,159703,La Quinta Formation,Venezuela,Hettangian,39.13739,0.236335,10.579260000000003,1.181562029
Eucnemesaurus_entaxonis,172834,Elliot Formation (Lower),South Africa,Norian,14.16898,0.6965679,44.745332000000005,3.1775231
Eucnemesaurus_entaxonis,172834,Elliot Formation (Lower),South Africa,Norian,14.16898,0.6965679,44.745332000000005,3.1775231
Lufengosaurus_huenei,173377,"Lufeng Formation (Shawan Member), Zhenzhuchong Formation",China,Hettangian,12.59045,2.152691,62.44298,6.0857849999999996
Lufengosaurus_huenei,173377,"Lufeng Formation (Shawan Member), Zhenzhuchong Formation",China,Hettangian,12.59045,2.152691,62.44298,6.0857849999999996
Dracoraptor_hanigani,176060,Blue Lias Formation,UK,Hettangian,29.91907,1.124565,41.82528,3.1641069999999996
Dracoraptor_hanigani,176060,Blue Lias Formation,UK,Hettangian,29.91907,1.124565,41.82528,3.1641069999999996
Mussaurus_patagonicus,179278,Laguna Colorada Formation,Argentina,Norian,9.250183,2.254001,26.645966,8.069233
Mussaurus_patagonicus,179278,Laguna Colorada Formation,Argentina,Norian,9.250183,2.254001,26.645966,8.069233
Massospondylus_carinatus,24755,"Elliot Formation (Upper), Forest Sandstone Formation, Clarens Formation",South Africa and Zimbabwe,Hettangian,26.34271,0.2511174,46.678441,1.3500584
Massospondylus_carinatus,24755,"Elliot Formation (Upper), Forest Sandstone Formation, Clarens Formation",South Africa and Zimbabwe,Hettangian,26.34271,0.2511174,46.678441,1.3500584
Scelidosaurus_harrisonii,52260,Charmouth Mudstone Formation,UK,Sinemurian,23.3205,1.831578,35.734563,4.759368
Scelidosaurus_harrisonii,52260,Charmouth Mudstone Formation,UK,Sinemurian,23.3205,1.831578,35.734563,4.759368
Ixalerpeton_polesinensis,175578,Santa Maria Formation (Alemoa Member),Brazil,Carnian,20.94003,0.6687132,49.524597,1.6672589999999998
Ixalerpeton_polesinensis,175578,Santa Maria Formation (Alemoa Member),Brazil,Carnian,20.94003,0.6687132,49.524597,1.6672589999999998
Dromomeron_gigas,182613,Quebrada del Barro Formation,Argentina,Norian,18.24973,1.142106,33.075625,6.0775099
Dromomeron_gigas,182613,Quebrada del Barro Formation,Argentina,Norian,18.24973,1.142106,33.075625,6.0775099
Lucianovenator_bonoi,182613,Quebrada del Barro Formation,Argentina,Norian,18.24973,1.142106,33.075625,6.0775099
Lucianovenator_bonoi,182613,Quebrada del Barro Formation,Argentina,Norian,18.24973,1.142106,33.075625,6.0775099
Powellvenator_podocitus,193499,Los Colorados Formation,Argentina,Norian,21.26407,0.3352539,37.450503,1.1838146
Powellvenator_podocitus,193499,Los Colorados Formation,Argentina,Norian,21.26407,0.3352539,37.450503,1.1838146
Xingxiulong_chengi,194385,Lufeng Formation (Shawan Member),China,Hettangian,12.59045,2.152691,62.44298,6.0857849999999996
Xingxiulong_chengi,194385,Lufeng Formation (Shawan Member),China,Hettangian,12.59045,2.152691,62.44298,6.0857849999999996
Panguraptor_lufengensis,49501,Lufeng Formation (Shawan Member),China,Hettangian,12.59045,2.152691,62.44298,6.0857849999999996
Panguraptor_lufengensis,49501,Lufeng Formation (Shawan Member),China,Hettangian,12.59045,2.152691,62.44298,6.0857849999999996
Dromomeron_gregorii,13273,"Colorado City Formation,  Cooper Canyon Formation, Chinle Formation (Sonsela Member)",USA,Norian,35.04388,0.8209236,5.324160000000003,5.15831674
Dromomeron_gregorii,13273,"Colorado City Formation,  Cooper Canyon Formation, Chinle Formation (Sonsela Member)",USA,Norian,35.04388,0.8209236,5.324160000000003,5.15831674
Dromomeron_gregorii,84269,"Colorado City Formation,  Cooper Canyon Formation, Chinle Formation (Sonsela Member)",USA,Norian,39.10983,0.5222768,5.05744,3.2780192
Dromomeron_gregorii,84269,"Colorado City Formation,  Cooper Canyon Formation, Chinle Formation (Sonsela Member)",USA,Norian,39.10983,0.5222768,5.05744,3.2780192
Dromomeron_romeri,84269,"Chinle Formation (Petrified Forest Member), Cooper Canyon Formation, Chinle Formation (Owl Creek Member)",USA,Norian,39.10983,0.5222768,5.05744,3.2780192
Dromomeron_romeri,84269,"Chinle Formation (Petrified Forest Member), Cooper Canyon Formation, Chinle Formation (Owl Creek Member)",USA,Norian,39.10983,0.5222768,5.05744,3.2780192
Dromomeron_romeri,196354,"Chinle Formation (Petrified Forest Member), Cooper Canyon Formation, Chinle Formation (Owl Creek Member)",USA,Norian,35.04388,0.8209236,5.324160000000003,5.15831674
Dromomeron_romeri,196354,"Chinle Formation (Petrified Forest Member), Cooper Canyon Formation, Chinle Formation (Owl Creek Member)",USA,Norian,35.04388,0.8209236,5.324160000000003,5.15831674
Lepidus_praecisio,196651,lowermost Dockum Group,USA,Norian,35.04388,0.8209236,5.324160000000003,5.15831674
Lepidus_praecisio,196651,lowermost Dockum Group,USA,Norian,-0.7111816,2.627414,41.37926,8.239413
Ledumahadi_mafube,196716,Elliot Formation (Upper),South Africa,Hettangian,19.8288,0.4755427,47.316189,1.5103369999999998
Ledumahadi_mafube,196716,Elliot Formation (Upper),South Africa,Hettangian,19.8288,0.4755427,47.316189,1.5103369999999998
Dromomeron_romeri,198618,"Chinle Formation (Petrified Forest Member), Cooper Canyon Formation, Chinle Formation (Owl Creek Member)",USA,Norian,34.07892,0.7038454,3.77664,4.87227172
Lewisuchus_admixtus,205839,Chañares Formation (Massetognathus–Chanaresuchus zone),Argentina,Carnian,22.08206,1.042526,44.968814,3.8588599
Lewisuchus_admixtus,205839,Chañares Formation (Massetognathus–Chanaresuchus zone),Argentina,Carnian,22.08206,1.042526,44.968814,3.8588599
Dromomeron_romeri,92089,"Chinle Formation (Petrified Forest Member), Cooper Canyon Formation, Chinle Formation (Owl Creek Member)",USA,Norian,36.00235,0.6211526,6.384309999999999,3.695439117
Dromomeron_romeri,92089,"Chinle Formation (Petrified Forest Member), Cooper Canyon Formation, Chinle Formation (Owl Creek Member)",USA,Norian,36.00235,0.6211526,6.384309999999999,3.695439117
Kwanasaurus_williamparkeri,92089,"Chinle Formation (""red siltstone member"")",USA,Norian,36.00235,0.6211526,6.384309999999999,3.695439117
Kwanasaurus_williamparkeri,92089,"Chinle Formation (""red siltstone member"")",USA,Norian,36.00235,0.6211526,6.384309999999999,3.695439117
Kwanasaurus_williamparkeri,206266,"Chinle Formation (""red siltstone member"")",USA,Norian,36.00235,0.6211526,6.384309999999999,3.695439117
Kwanasaurus_williamparkeri,206266,"Chinle Formation (""red siltstone member"")",USA,Norian,36.00235,0.6211526,6.384309999999999,3.695439117
Kwanasaurus_williamparkeri,206270,"Chinle Formation (""red siltstone member"")",USA,Norian,36.00235,0.6211526,6.384309999999999,3.695439117
Kwanasaurus_williamparkeri,206270,"Chinle Formation (""red siltstone member"")",USA,Norian,36.00235,0.6211526,6.384309999999999,3.695439117
Kwanasaurus_williamparkeri,206269,"Chinle Formation (""red siltstone member"")",USA,Norian,36.00235,0.6211526,6.384309999999999,3.695439117
Kwanasaurus_williamparkeri,206269,"Chinle Formation (""red siltstone member"")",USA,Norian,36.00235,0.6211526,6.384309999999999,3.695439117
Kwanasaurus_williamparkeri,206267,"Chinle Formation (""red siltstone member"")",USA,Norian,36.00235,0.6211526,6.384309999999999,3.695439117
Kwanasaurus_williamparkeri,206267,"Chinle Formation (""red siltstone member"")",USA,Norian,36.00235,0.6211526,6.384309999999999,3.695439117
Dilophosaurus_wetherilli,214347,Kayenta Formation (Silty Facies Member and Glen Canyon Group),USA,Sinemurian,35.8689,0.6452784,8.780939999999998,4.228167145
Dilophosaurus_wetherilli,214347,Kayenta Formation (Silty Facies Member and Glen Canyon Group),USA,Sinemurian,35.8689,0.6452784,8.780939999999998,4.228167145
Dilophosaurus_wetherilli,98597,Kayenta Formation (Silty Facies Member and Glen Canyon Group),USA,Sinemurian,35.8689,0.6452784,8.780939999999998,4.228167145
Dilophosaurus_wetherilli,214348,Kayenta Formation (Silty Facies Member and Glen Canyon Group),USA,Sinemurian,35.8689,0.6452784,8.780939999999998,4.228167145
Dilophosaurus_wetherilli,214349,Kayenta Formation (Silty Facies Member and Glen Canyon Group),USA,Sinemurian,33.21588,0.6066519,11.957430000000002,3.47193504
Dilophosaurus_wetherilli,214349,Kayenta Formation (Silty Facies Member and Glen Canyon Group),USA,Sinemurian,33.21588,0.6066519,11.957430000000002,3.47193504
Dilophosaurus_wetherilli,214380,Kayenta Formation (Silty Facies Member and Glen Canyon Group),USA,Sinemurian,33.21588,0.6066519,11.957430000000002,3.47193504
Dilophosaurus_wetherilli,214380,Kayenta Formation (Silty Facies Member and Glen Canyon Group),USA,Sinemurian,33.21588,0.6066519,11.957430000000002,3.47193504
Arizona_Scelidosaur,51895,Kayenta Formation,USA,Sinemurian,35.8689,0.6452784,8.780939999999998,4.228167145
Arizona_Scelidosaur,51895,Kayenta Formation,USA,Sinemurian,35.8689,0.6452784,8.780939999999998,4.228167145
FMNH_CUP_2089,26997,Lufeng Formation (Zhangjiawa Member),China,Sinemurian,17.31049,1.967777,39.244685999999994,7.797107
FMNH_CUP_2338,72091,Lufeng Formation (Zhangjiawa Member),China,Sinemurian,10.85016,1.638823,54.92191,1.543628
Lagerpetonidae_indet_,87090,Ischigualasto Formation (Scaphonyx-Exaeretodon-Herrerasaurus biozone),Argentina,Carnian,22.08206,1.042526,44.968814,3.8588599
Lagerpetonidae_indet_,87090,Ischigualasto Formation (Scaphonyx-Exaeretodon-Herrerasaurus biozone),Argentina,Carnian,22.08206,1.042526,44.968814,3.8588599
Poreba_Herrerasauridae_indet_,132933,Zbaszynek Beds,Poland,Norian,26.63986,1.198322,38.719455,2.5056499999999997
Poreba_Herrerasauridae_indet_,132933,Zbaszynek Beds,Poland,Norian,26.63986,1.198322,38.719455,2.5056499999999997
Guaibasauridae_indet_,131837,Maleri Formation (Upper),India,Norian,27.81131,3.548692,19.892089999999996,22.927101
Guaibasauridae_indet_,131837,Maleri Formation (Upper),India,Norian,27.81131,3.548692,19.892089999999996,22.927101
Kayenta_heterodontosaurid,13279,Kayenta Formation,USA,Sinemurian,35.8689,0.6452784,8.780939999999998,4.228167145
Kayenta_heterodontosaurid,13279,Kayenta Formation,USA,Sinemurian,35.8689,0.6452784,8.780939999999998,4.228167145
Bienosaurus_lufengensis,93193,Lufeng Formation (Zhangjiawa Member),China,Sinemurian,10.85016,1.638823,54.92191,1.543628
Bienosaurus_lufengensis,93193,Lufeng Formation (Zhangjiawa Member),China,Sinemurian,13.45938,2.363521,20.203648,8.577663000000001
Camposaurus_arizonensis,39160,Chinle Formation (Mesa Redondo Member),USA,Norian,34.07892,0.7038454,3.77664,4.87227172
Camposaurus_arizonensis,39160,Chinle Formation (Mesa Redondo Member),USA,Norian,34.07892,0.7038454,3.77664,4.87227172
Tachiraptor_admirabilis,159703,La Quinta Formation,Venezuela,Hettangian,39.13739,0.236335,10.579260000000003,1.181562029
Tachiraptor_admirabilis,159703,La Quinta Formation,Venezuela,Hettangian,39.13739,0.236335,10.579260000000003,1.181562029
Tatisaurus_oehleri,72091,Lufeng Formation (Zhangjiawa Member),China,Sinemurian,10.85016,1.638823,54.92191,1.543628
Plateosaurus_ingens,47802,Knollenmergel Formation,Switzerland,Norian,28.90005,1.000406,31.029360000000004,3.30474
Plateosaurus_ingens,47802,Knollenmergel Formation,Switzerland,Norian,27.81604,5.810775,16.839210000000005,37.759522
Plateosaurus_erlenbergiensis,48690,Trossingen Formation,Germany,Rhaetian,27.56064,1.721476,39.507964,5.2218100000000005
Plateosaurus_erlenbergiensis,48690,Trossingen Formation,Germany,Rhaetian,27.56064,1.721476,39.507964,5.2218100000000005
